Cadence Genus(TM) Synthesis Solution.
Copyright 2022 Cadence Design Systems, Inc. All rights reserved worldwide.
Cadence and the Cadence logo are registered trademarks and Genus is a trademark
of Cadence Design Systems, Inc. in the United States and other countries.

[16:40:10.346465] Configured Lic search path (21.01-s002): 5280@cadenceserver

Version: 21.14-s082_1, built Thu Jun 23 02:02:08 PDT 2022
Options: 
Date:    Thu Jan 09 16:40:10 2025
Host:    cad31 (x86_64 w/Linux 4.18.0-425.3.1.el8.x86_64) (20cores*28cpus*1physical cpu*Intel(R) Core(TM) i7-14700 33792KB) (15902088KB)
PID:     14627
OS:      Red Hat Enterprise Linux release 8.7 (Ootpa)


[16:40:10.032083] Periodic Lic check successful
[16:40:10.032091] Feature usage summary:
[16:40:10.032091] Genus_Synthesis
Checking out license: Genus_Synthesis


***********************************************************************************************************
***********************************************************************************************************



Loading tool scripts...
Finished loading tool scripts (4 seconds elapsed).

WARNING: This version of the tool is 931 days old.
@genus:root: 1> read_libs /home/install/FOUNDRY/digital/90nm/dig/lib/slow.lib

Threads Configured:3

  Message Summary for Library slow.lib:
  *************************************
  Missing a function attribute in the output pin definition. [LBR-518]: 1
  Missing library level attribute. [LBR-516]: 1
  *************************************
 
Info    : Created nominal operating condition. [LBR-412]
        : Operating condition '_nominal_' was created for the PVT values (1.000000, 0.900000, 125.000000) in library 'slow.lib'.
        : The nominal operating condition is represented, either by the nominal PVT values specified in the library source (via nom_process,nom_voltage and nom_temperature respectively), or by the default PVT values (1.0,1.0,1.0).
@genus:root: 2> read_hdl design.sv
import uvm_pkg::*;
             |
Error   : Parsing error. [VLOGPT-1] [read_hdl]
        : Expecting token ';', found '<identifier>' in file 'design.sv' on line 3, column 14.
        : Invalid Verilog syntax is parsed, or unsupported Verilog syntax is encountered.
 `include "uvm_macros.svh"
                         |
Warning : Cannot open file. [VLOGPT-650]
        : File 'uvm_macros.svh' in file 'design.sv' on line 4, column 26.
        : The specified file could not be opened.  Check the value of the init_hdl_search_path attribute.
 interface spi_interface(input logic mclk,reset);
                       |
Error   : Parsing error. [VLOGPT-1] [read_hdl]
        : Expecting token ';', found '<identifier>' in file 'design.sv' on line 7, column 24.
  	logic start;
  	          |
Error   : Parsing error. [VLOGPT-1] [read_hdl]
        : Expecting token ';', found '<identifier>' in file 'design.sv' on line 8, column 14.
  	logic slave_rd_wr;
  	                |
Error   : Redeclared variable. [VLOGPT-22] [read_hdl]
        : Redeclaration of symbol 'logic' in file 'design.sv' on line 9, column 20.
        : A variable cannot be redeclared in the same scope. Check the reported RTL file and remove duplicate declarations.
  	logic slave_rd_wr;
  	                |
Error   : Parsing error. [VLOGPT-1] [read_hdl]
        : Expecting token ';', found '<identifier>' in file 'design.sv' on line 9, column 20.
  	logic master_rd_wr;
  	                 |
Error   : Redeclared variable. [VLOGPT-22] [read_hdl]
        : Redeclaration of symbol 'logic' in file 'design.sv' on line 10, column 21.
  	logic master_rd_wr;
  	                 |
Error   : Parsing error. [VLOGPT-1] [read_hdl]
        : Expecting token ';', found '<identifier>' in file 'design.sv' on line 10, column 21.
  	logic [6:0]slave_address;
  	                       |
Error   : Redeclared variable. [VLOGPT-22] [read_hdl]
        : Redeclaration of symbol 'logic' in file 'design.sv' on line 11, column 27.
  	logic [6:0]slave_address;
  	                       |
Error   : Parsing error. [VLOGPT-1] [read_hdl]
        : Expecting token ';', found '<identifier>' in file 'design.sv' on line 11, column 27.
  	logic [6:0]master_address;
  	                        |
Error   : Redeclared variable. [VLOGPT-22] [read_hdl]
        : Redeclaration of symbol 'logic' in file 'design.sv' on line 12, column 28.
  	logic [6:0]master_address;
  	                        |
Error   : Parsing error. [VLOGPT-1] [read_hdl]
        : Expecting token ';', found '<identifier>' in file 'design.sv' on line 12, column 28.
  	logic [7:0]master_in_data;
  	                        |
Error   : Redeclared variable. [VLOGPT-22] [read_hdl]
        : Redeclaration of symbol 'logic' in file 'design.sv' on line 13, column 28.
  	logic [7:0]master_in_data;
  	                        |
Error   : Parsing error. [VLOGPT-1] [read_hdl]
        : Expecting token ';', found '<identifier>' in file 'design.sv' on line 13, column 28.
  	logic [7:0]master_out_data;
  	                         |
Error   : Redeclared variable. [VLOGPT-22] [read_hdl]
        : Redeclaration of symbol 'logic' in file 'design.sv' on line 14, column 29.
  	logic [7:0]master_out_data;
  	                         |
Error   : Parsing error. [VLOGPT-1] [read_hdl]
        : Expecting token ';', found '<identifier>' in file 'design.sv' on line 14, column 29.
  	logic [7:0]slave_in_data;
  	                       |
Error   : Redeclared variable. [VLOGPT-22] [read_hdl]
        : Redeclaration of symbol 'logic' in file 'design.sv' on line 15, column 27.
  	logic [7:0]slave_in_data;
  	                       |
Error   : Parsing error. [VLOGPT-1] [read_hdl]
        : Expecting token ';', found '<identifier>' in file 'design.sv' on line 15, column 27.
  	logic [7:0]slave_out_data;  
  	                        |
Error   : Redeclared variable. [VLOGPT-22] [read_hdl]
        : Redeclaration of symbol 'logic' in file 'design.sv' on line 16, column 28.
  	logic [7:0]slave_out_data;  
  	                        |
Error   : Parsing error. [VLOGPT-1] [read_hdl]
        : Expecting token ';', found '<identifier>' in file 'design.sv' on line 16, column 28.
 module top_dut(input logic mclk, input logic reset, input logic start, output logic slave_rd_wr, input logic master_rd_wr, output logic [6:0] slave_address, input logic [6:0] master_address, output logic [7:0] master_in_data,input logic [7:0] master_out_data, output logic [7:0] slave_in_data,input logic [7:0] slave_out_data);
      |
Error   : Parsing error. [VLOGPT-1] [read_hdl]
        : Expecting token ';', found 'module' in file 'design.sv' on line 25, column 7.
1
@genus:root: 3> read_hdl -sv design.sv
import uvm_pkg::*;
             |
Error   : The referenced package does not exist.. [VLOGPT-28] [read_hdl]
        : Reference to non-existent package 'uvm_pkg' in file 'design.sv' on line 3, column 14.
        : The referenced package does not exist in the same HDL library.
 `include "uvm_macros.svh"
                         |
Warning : Cannot open file. [VLOGPT-650]
        : File 'uvm_macros.svh' in file 'design.sv' on line 4, column 26.
  	logic [7:0] header = 0;
  	                      |
Warning : Ignoring unsynthesizable construct. [VLOGPT-37]
        : Initial value assignment to reg in file 'design.sv' on line 39, column 26.
        : For example, the following constructs will be ignored:
    - initial block
    - final block
    - program block
    - property block
    - sequence block
    - covergroup
    - checker block
    - gate drive strength
    - system task enable
    - reg declaration with initial value
    - specify block.
      property p1;
                |
Warning : Ignoring unsynthesizable construct. [VLOGPT-37]
        : Property declaration in file 'design.sv' on line 93, column 17.
     `uvm_error("a1", "Error in property 1 assertion")
              |
Error   : Reference to undefined macro. [VLOGPT-631] [read_hdl]
        : Macro 'uvm_error' in file 'design.sv' on line 99, column 15.
        : Error encountered during Verilog parsing. Make sure all paths of include files have been specified in the init_hdl_search_path attribute. Also, check whether you need to specify the -define option of the read_hdl command.
     ("a1", "Error in property 1 assertion")
     |
Error   : Parsing error. [VLOGPT-1] [read_hdl]
        : Expecting a statement in file 'design.sv' on line 99, column 6.
     ("a1", "Error in property 1 assertion")
     |
Error   : Parsing error. [VLOGPT-1] [read_hdl]
        : in file 'design.sv' on line 99, column 6.
     ("a1", "Error in property 1 assertion")
     |
Error   : Parsing error. [VLOGPT-1] [read_hdl]
        : Expecting token ';', found '(' in file 'design.sv' on line 99, column 6.
  	logic [7:0]in_data;
  	                  |
Error   : Redeclared variable. [VLOGPT-22] [read_hdl]
        : Redeclaration of non-interface variable 'in_data' in file 'design.sv' on line 109, column 22.
  	logic [7:0] in_header = 0;
  	                         |
Warning : Ignoring unsynthesizable construct. [VLOGPT-37]
        : Initial value assignment to reg in file 'design.sv' on line 110, column 29.
  	logic [7:0] out_data;
  	                    |
Error   : Redeclared variable. [VLOGPT-22] [read_hdl]
        : Redeclaration of non-interface variable 'out_data' in file 'design.sv' on line 111, column 24.
				out_data <= slave_out_data;
				            |
Error   : Reference to undeclared variable. A variable/parameter must be declared before it is referenced. [VLOGPT-20] [read_hdl]
        : Symbol 'slave_out_data' in file 'design.sv' on line 139, column 17.
        : Verilog module is using a parameter that is not defined in the module. You will get a notification for this, if you read the verilog file using the read_hdl command.
    		slave_in_data <=  in_data;
    		|
Error   : Reference to undeclared variable. A variable/parameter must be declared before it is referenced. [VLOGPT-20] [read_hdl]
        : Symbol 'slave_in_data' in file 'design.sv' on line 147, column 7.
    		slave_rd_wr <=  in_header[7] ;
    		|
Error   : Reference to undeclared variable. A variable/parameter must be declared before it is referenced. [VLOGPT-20] [read_hdl]
        : Symbol 'slave_rd_wr' in file 'design.sv' on line 148, column 7.
      			miso <= 0;
      			|
Error   : Net not allowed in this context. [VLOGPT-86] [read_hdl]
        : Net 'miso' in file 'design.sv' on line 115, column 10.
        : A net cannot be assigned within an always block.  This situation may occur because an output port is not explicitly declared as a reg.
						miso <= out_data[7];
						|
Error   : Net not allowed in this context. [VLOGPT-86] [read_hdl]
        : Net 'miso' in file 'design.sv' on line 128, column 7.
1
@genus:root: 4> read_hdl -uvm design.sv
Warning : Cannot open file. [VLOGPT-650]
        : File '-uvm'.
import uvm_pkg::*;
             |
Error   : Parsing error. [VLOGPT-1] [read_hdl]
        : Expecting token ';', found '<identifier>' in file 'design.sv' on line 3, column 14.
 `include "uvm_macros.svh"
                         |
Warning : Cannot open file. [VLOGPT-650]
        : File 'uvm_macros.svh' in file 'design.sv' on line 4, column 26.
 interface spi_interface(input logic mclk,reset);
                       |
Error   : Parsing error. [VLOGPT-1] [read_hdl]
        : Expecting token ';', found '<identifier>' in file 'design.sv' on line 7, column 24.
  	logic start;
  	          |
Error   : Parsing error. [VLOGPT-1] [read_hdl]
        : Expecting token ';', found '<identifier>' in file 'design.sv' on line 8, column 14.
  	logic slave_rd_wr;
  	                |
Error   : Redeclared variable. [VLOGPT-22] [read_hdl]
        : Redeclaration of symbol 'logic' in file 'design.sv' on line 9, column 20.
  	logic slave_rd_wr;
  	                |
Error   : Parsing error. [VLOGPT-1] [read_hdl]
        : Expecting token ';', found '<identifier>' in file 'design.sv' on line 9, column 20.
  	logic master_rd_wr;
  	                 |
Error   : Redeclared variable. [VLOGPT-22] [read_hdl]
        : Redeclaration of symbol 'logic' in file 'design.sv' on line 10, column 21.
  	logic master_rd_wr;
  	                 |
Error   : Parsing error. [VLOGPT-1] [read_hdl]
        : Expecting token ';', found '<identifier>' in file 'design.sv' on line 10, column 21.
  	logic [6:0]slave_address;
  	                       |
Error   : Redeclared variable. [VLOGPT-22] [read_hdl]
        : Redeclaration of symbol 'logic' in file 'design.sv' on line 11, column 27.
Warning : Maximum message print count reached. [MESG-11]
        : Maximum print count of '20' reached for message 'VLOGPT-1'.
  	logic [6:0]master_address;
  	                        |
Error   : Redeclared variable. [VLOGPT-22] [read_hdl]
        : Redeclaration of symbol 'logic' in file 'design.sv' on line 12, column 28.
  	logic [7:0]master_in_data;
  	                        |
Error   : Redeclared variable. [VLOGPT-22] [read_hdl]
        : Redeclaration of symbol 'logic' in file 'design.sv' on line 13, column 28.
  	logic [7:0]master_out_data;
  	                         |
Error   : Redeclared variable. [VLOGPT-22] [read_hdl]
        : Redeclaration of symbol 'logic' in file 'design.sv' on line 14, column 29.
  	logic [7:0]slave_in_data;
  	                       |
Error   : Redeclared variable. [VLOGPT-22] [read_hdl]
        : Redeclaration of symbol 'logic' in file 'design.sv' on line 15, column 27.
  	logic [7:0]slave_out_data;  
  	                        |
Error   : Redeclared variable. [VLOGPT-22] [read_hdl]
        : Redeclaration of symbol 'logic' in file 'design.sv' on line 16, column 28.
1
@genus:root: 5> read_hdl -sv design.sv
import uvm_pkg::*;
             |
Error   : The referenced package does not exist.. [VLOGPT-28] [read_hdl]
        : Reference to non-existent package 'uvm_pkg' in file 'design.sv' on line 3, column 14.
 `include "uvm_macros.svh"
                         |
Warning : Cannot open file. [VLOGPT-650]
        : File 'uvm_macros.svh' in file 'design.sv' on line 4, column 26.
  	logic [7:0] header = 0;
  	                      |
Warning : Ignoring unsynthesizable construct. [VLOGPT-37]
        : Initial value assignment to reg in file 'design.sv' on line 39, column 26.
      property p1;
                |
Warning : Ignoring unsynthesizable construct. [VLOGPT-37]
        : Property declaration in file 'design.sv' on line 93, column 17.
     `uvm_error("a1", "Error in property 1 assertion")
              |
Error   : Reference to undefined macro. [VLOGPT-631] [read_hdl]
        : Macro 'uvm_error' in file 'design.sv' on line 99, column 15.
  	logic [7:0]in_data;
  	                  |
Error   : Redeclared variable. [VLOGPT-22] [read_hdl]
        : Redeclaration of non-interface variable 'in_data' in file 'design.sv' on line 109, column 22.
  	logic [7:0] in_header = 0;
  	                         |
Warning : Ignoring unsynthesizable construct. [VLOGPT-37]
        : Initial value assignment to reg in file 'design.sv' on line 110, column 29.
  	logic [7:0] out_data;
  	                    |
Error   : Redeclared variable. [VLOGPT-22] [read_hdl]
        : Redeclaration of non-interface variable 'out_data' in file 'design.sv' on line 111, column 24.
				out_data <= slave_out_data;
				            |
Error   : Reference to undeclared variable. A variable/parameter must be declared before it is referenced. [VLOGPT-20] [read_hdl]
        : Symbol 'slave_out_data' in file 'design.sv' on line 139, column 17.
    		slave_in_data <=  in_data;
    		|
Error   : Reference to undeclared variable. A variable/parameter must be declared before it is referenced. [VLOGPT-20] [read_hdl]
        : Symbol 'slave_in_data' in file 'design.sv' on line 147, column 7.
    		slave_rd_wr <=  in_header[7] ;
    		|
Error   : Reference to undeclared variable. A variable/parameter must be declared before it is referenced. [VLOGPT-20] [read_hdl]
        : Symbol 'slave_rd_wr' in file 'design.sv' on line 148, column 7.
      			miso <= 0;
      			|
Error   : Net not allowed in this context. [VLOGPT-86] [read_hdl]
        : Net 'miso' in file 'design.sv' on line 115, column 10.
						miso <= out_data[7];
						|
Error   : Net not allowed in this context. [VLOGPT-86] [read_hdl]
        : Net 'miso' in file 'design.sv' on line 128, column 7.
1
@genus:root: 6> read_hdl -sv design.sv
  	logic [7:0] header = 0;
  	                      |
Warning : Ignoring unsynthesizable construct. [VLOGPT-37]
        : Initial value assignment to reg in file 'design.sv' on line 39, column 26.
      property p1;
                |
Warning : Ignoring unsynthesizable construct. [VLOGPT-37]
        : Property declaration in file 'design.sv' on line 93, column 17.
     `uvm_error("a1", "Error in property 1 assertion")
              |
Error   : Reference to undefined macro. [VLOGPT-631] [read_hdl]
        : Macro 'uvm_error' in file 'design.sv' on line 99, column 15.
Warning : Maximum message print count reached. [MESG-11]
        : Maximum print count of '20' reached for message 'VLOGPT-22'.
  	logic [7:0] in_header = 0;
  	                         |
Warning : Ignoring unsynthesizable construct. [VLOGPT-37]
        : Initial value assignment to reg in file 'design.sv' on line 110, column 29.
				out_data <= slave_out_data;
				            |
Error   : Reference to undeclared variable. A variable/parameter must be declared before it is referenced. [VLOGPT-20] [read_hdl]
        : Symbol 'slave_out_data' in file 'design.sv' on line 139, column 17.
    		slave_in_data <=  in_data;
    		|
Error   : Reference to undeclared variable. A variable/parameter must be declared before it is referenced. [VLOGPT-20] [read_hdl]
        : Symbol 'slave_in_data' in file 'design.sv' on line 147, column 7.
    		slave_rd_wr <=  in_header[7] ;
    		|
Error   : Reference to undeclared variable. A variable/parameter must be declared before it is referenced. [VLOGPT-20] [read_hdl]
        : Symbol 'slave_rd_wr' in file 'design.sv' on line 148, column 7.
      			miso <= 0;
      			|
Error   : Net not allowed in this context. [VLOGPT-86] [read_hdl]
        : Net 'miso' in file 'design.sv' on line 115, column 10.
						miso <= out_data[7];
						|
Error   : Net not allowed in this context. [VLOGPT-86] [read_hdl]
        : Net 'miso' in file 'design.sv' on line 128, column 7.
1
@genus:root: 7> clear
@genus:root: 8> read_hdl -sv design.sv
 interface spi_interface(input logic mclk,reset);
                       |
Warning : Replacing previously read Verilog description. [VLOGPT-6]
        : Replacing Verilog description 'spi_interface' with Verilog interface in file 'design.sv' on line 7, column 24.
        : A Verilog description is replaced when a new description of the same name and same library is read again.
    Verilog descriptions are:
       module
       macromodule
       configuration
    SystemVerilog adds the following descriptions:
       interface
       program
       package.
 module top_dut(input logic mclk, input logic reset, input logic start, output logic slave_rd_wr, input logic master_rd_wr, output logic [6:0] slave_address, input logic [6:0] master_address, output logic [7:0] master_in_data,input logic [7:0] master_out_data, output logic [7:0] slave_in_data,input logic [7:0] slave_out_data);
              |
Warning : Replacing previously read Verilog description. [VLOGPT-6]
        : Replacing Verilog description 'top_dut' with Verilog module in file 'design.sv' on line 25, column 15.
  	logic [7:0] header = 0;
  	                      |
Warning : Ignoring unsynthesizable construct. [VLOGPT-37]
        : Initial value assignment to reg in file 'design.sv' on line 39, column 26.
      property p1;
                |
Warning : Ignoring unsynthesizable construct. [VLOGPT-37]
        : Property declaration in file 'design.sv' on line 93, column 17.
     `uvm_error("a1", "Error in property 1 assertion")
              |
Error   : Reference to undefined macro. [VLOGPT-631] [read_hdl]
        : Macro 'uvm_error' in file 'design.sv' on line 99, column 15.
  	logic [7:0] in_header = 0;
  	                         |
Warning : Ignoring unsynthesizable construct. [VLOGPT-37]
        : Initial value assignment to reg in file 'design.sv' on line 110, column 29.
				out_data <= slave_out_data;
				            |
Error   : Reference to undeclared variable. A variable/parameter must be declared before it is referenced. [VLOGPT-20] [read_hdl]
        : Symbol 'slave_out_data' in file 'design.sv' on line 139, column 17.
    		slave_in_data <=  in_data;
    		|
Error   : Reference to undeclared variable. A variable/parameter must be declared before it is referenced. [VLOGPT-20] [read_hdl]
        : Symbol 'slave_in_data' in file 'design.sv' on line 147, column 7.
    		slave_rd_wr <=  in_header[7] ;
    		|
Error   : Reference to undeclared variable. A variable/parameter must be declared before it is referenced. [VLOGPT-20] [read_hdl]
        : Symbol 'slave_rd_wr' in file 'design.sv' on line 148, column 7.
      			miso <= 0;
      			|
Error   : Net not allowed in this context. [VLOGPT-86] [read_hdl]
        : Net 'miso' in file 'design.sv' on line 115, column 10.
						miso <= out_data[7];
						|
Error   : Net not allowed in this context. [VLOGPT-86] [read_hdl]
        : Net 'miso' in file 'design.sv' on line 128, column 7.
Warning : Replacing previously read Verilog module or VHDL entity. [HPT-76]
        : Replacing Verilog module 'spi_interface' in library 'default' with newly read Verilog module 'spi_interface' in the same library in file 'design.sv' on line 7.
        : A newly read VHDL entity replaces any previously read Verilog module or VHDL entity in the same library if its name matches (case-insensitively) the existing module or entity.
    For instance:
        VHDL 'foo'                  replaces  VHDL {'FOO' or 'foo' or 'Foo' or ...} in the same library
        VHDL 'foo' (in any library) replaces  Verilog {'FOO' or 'foo' or 'Foo' or ...} in the same library
 
A newly read Verilog module replaces any previously read Verilog module if its name matches (case-sensitively) that module.  Further, it replaces any previously read VHDL entity in the same library if its name matches (case -insensitively) that entity.
    For instance:
        Verilog 'foo' replaces    VHDL {'FOO' or 'foo' or 'Foo' or ...} in the same library
        Verilog 'foo' replaces    Verilog 'foo' only
    In addition:
        Verilog 'foo' does not replace Verilog 'FOO' and the two remain as distinct modules.
Warning : Replacing previously read Verilog module or VHDL entity. [HPT-76]
        : Replacing Verilog module 'top_dut' in library 'default' with newly read Verilog module 'top_dut' in the same library in file 'design.sv' on line 25.
1
@genus:root: 9> clear
@genus:root: 10> read_hdl -sv design.sv
 interface spi_interface(input logic mclk,reset);
                       |
Warning : Replacing previously read Verilog description. [VLOGPT-6]
        : Replacing Verilog description 'spi_interface' with Verilog interface in file 'design.sv' on line 7, column 24.
 module top_dut(input logic mclk, input logic reset, input logic start, output logic slave_rd_wr, input logic master_rd_wr, output logic [6:0] slave_address, input logic [6:0] master_address, output logic [7:0] master_in_data,input logic [7:0] master_out_data, output logic [7:0] slave_in_data,input logic [7:0] slave_out_data);
              |
Warning : Replacing previously read Verilog description. [VLOGPT-6]
        : Replacing Verilog description 'top_dut' with Verilog module in file 'design.sv' on line 25, column 15.
  	logic [7:0] header = 0;
  	                      |
Warning : Ignoring unsynthesizable construct. [VLOGPT-37]
        : Initial value assignment to reg in file 'design.sv' on line 39, column 26.
  	logic [7:0] in_header = 0;
  	                         |
Warning : Ignoring unsynthesizable construct. [VLOGPT-37]
        : Initial value assignment to reg in file 'design.sv' on line 110, column 29.
Warning : Replacing previously read Verilog module or VHDL entity. [HPT-76]
        : Replacing Verilog module 'spi_interface' in library 'default' with newly read Verilog module 'spi_interface' in the same library in file 'design.sv' on line 7.
Warning : Replacing previously read Verilog module or VHDL entity. [HPT-76]
        : Replacing Verilog module 'top_dut' in library 'default' with newly read Verilog module 'top_dut' in the same library in file 'design.sv' on line 25.
@genus:root: 11> elaborate
  Library has 324 usable logic and 128 usable sequential lib-cells.
Info    : Elaborating Design. [ELAB-1]
        : Elaborating top-level block 'top_dut' from file 'design.sv'.
Warning : Signal or variable has multiple drivers. [CDFG2G-622]
        : 'count[0]' in module 'spi_master'.
        : This may cause simulation mismatches between the original and synthesized designs.
Warning : Signal or variable has multiple drivers. [CDFG2G-622]
        : 'count[1]' in module 'spi_master'.
Warning : Signal or variable has multiple drivers. [CDFG2G-622]
        : 'count[2]' in module 'spi_master'.
Warning : Signal or variable has multiple drivers. [CDFG2G-622]
        : 'count[3]' in module 'spi_master'.
Warning : Signal or variable has multiple drivers. [CDFG2G-622]
        : 'count[4]' in module 'spi_master'.
Warning : Signal or variable has multiple drivers. [CDFG2G-622]
        : 'count[5]' in module 'spi_master'.
Warning : Signal or variable has multiple drivers. [CDFG2G-622]
        : 'count[6]' in module 'spi_master'.
Warning : Signal or variable has multiple drivers. [CDFG2G-622]
        : 'count[7]' in module 'spi_master'.
Warning : Signal or variable has multiple drivers. [CDFG2G-622]
        : 'count[8]' in module 'spi_master'.
Warning : Signal or variable has multiple drivers. [CDFG2G-622]
        : 'count[9]' in module 'spi_master'.
Warning : Signal or variable has multiple drivers. [CDFG2G-622]
        : 'count[10]' in module 'spi_master'.
Warning : Signal or variable has multiple drivers. [CDFG2G-622]
        : 'count[11]' in module 'spi_master'.
Warning : Signal or variable has multiple drivers. [CDFG2G-622]
        : 'count[12]' in module 'spi_master'.
Warning : Signal or variable has multiple drivers. [CDFG2G-622]
        : 'count[13]' in module 'spi_master'.
Warning : Signal or variable has multiple drivers. [CDFG2G-622]
        : 'count[14]' in module 'spi_master'.
Warning : Signal or variable has multiple drivers. [CDFG2G-622]
        : 'count[15]' in module 'spi_master'.
Warning : Signal or variable has multiple drivers. [CDFG2G-622]
        : 'count[16]' in module 'spi_master'.
Warning : Signal or variable has multiple drivers. [CDFG2G-622]
        : 'count[17]' in module 'spi_master'.
Warning : Signal or variable has multiple drivers. [CDFG2G-622]
        : 'count[18]' in module 'spi_master'.
Warning : Signal or variable has multiple drivers. [CDFG2G-622]
        : 'count[19]' in module 'spi_master'.
Warning : Maximum message print count reached. [MESG-11]
        : Maximum print count of '20' reached for message 'CDFG2G-622'.
Info    : Done Elaborating Design. [ELAB-3]
        : Done elaborating 'top_dut'.
Checking for analog nets...
Check completed for analog nets.
Checking for source RTL...
Check completed for source RTL.
Running Unified Mux Engine Tricks...
Completed Unified Mux Engine Tricks

Stage: post_elab
--------------------------------------------------------
| Trick             | Accepts | Rejects | Runtime (ms) | 
--------------------------------------------------------
| ume_constant_bmux |       0 |       0 |         0.00 | 
--------------------------------------------------------
Starting clip mux common data inputs [v1.0] (stage: post_elab, startdef: top_dut, recur: true)
Completed clip mux common data inputs (accepts: 0, rejects: 0, runtime: 0.000s)
Starting clip the non-user hierarchies [v2.0] (stage: post_elab, startdef: top_dut, recur: true)
Completed clip the non-user hierarchies (accepts: 0, rejects: 0, runtime: 0.000s)

Stage: post_elab
---------------------------------------------------------
| Transform          | Accepts | Rejects | Runtime (ms) | 
---------------------------------------------------------
| hlo_clip_mux_input |       0 |       0 |         0.00 | 
| hlo_clip           |       0 |       0 |         0.00 | 
---------------------------------------------------------
UM:   flow.cputime  flow.realtime  timing.setup.tns  timing.setup.wns  snapshot
UM:*                                                                   elaborate
design:top_dut
@genus:root: 12> syn_generic

Stage: pre_early_cg
------------------------------------------------
| Transform | Accepts | Rejects | Runtime (ms) | 
------------------------------------------------
------------------------------------------------
##Generic Timing Info for library domain: _default_ typical gate delay: 127.0 ps std_slew: 15.5 ps std_load: 7.0 fF
Starting mux data reorder optimization [v1.0] (stage: pre_to_gen_setup, startdef: top_dut, recur: true)
Completed mux data reorder optimization (accepts: 0, rejects: 0, runtime: 0.000s)

Stage: pre_to_gen_setup
------------------------------------------------------
| Transform       | Accepts | Rejects | Runtime (ms) | 
------------------------------------------------------
| hlo_mux_reorder |       0 |       0 |         0.00 | 
------------------------------------------------------
Info    : Replacing a flip-flop with a logic constant 0. [GLO-12]
        : The instance is 'm/count_reg[0]'.
        : To prevent this optimization, set the 'optimize_constant_0_flops' root attribute to 'false' or 'optimize_constant_0_seq' instance attribute to 'false'. You can also see the complete list of deleted sequential with command "report sequential -deleted" (on Reason "constant0").
Info    : Replacing a flip-flop with a logic constant 0. [GLO-12]
        : The instance is 'm/count_reg[1]'.
Info    : Replacing a flip-flop with a logic constant 0. [GLO-12]
        : The instance is 'm/count_reg[2]'.
Info    : Replacing a flip-flop with a logic constant 0. [GLO-12]
        : The instance is 'm/count_reg[3]'.
Info    : Replacing a flip-flop with a logic constant 0. [GLO-12]
        : The instance is 'm/count_reg[4]'.
Info    : Replacing a flip-flop with a logic constant 0. [GLO-12]
        : The instance is 'm/count_reg[5]'.
Info    : Replacing a flip-flop with a logic constant 0. [GLO-12]
        : The instance is 'm/count_reg[6]'.
Info    : Replacing a flip-flop with a logic constant 0. [GLO-12]
        : The instance is 'm/count_reg[7]'.
Info    : Replacing a flip-flop with a logic constant 0. [GLO-12]
        : The instance is 'm/count_reg[8]'.
Info    : Replacing a flip-flop with a logic constant 0. [GLO-12]
        : The instance is 'm/count_reg[9]'.
Info    : Replacing a flip-flop with a logic constant 0. [GLO-12]
        : The instance is 'm/count_reg[10]'.
Info    : Replacing a flip-flop with a logic constant 0. [GLO-12]
        : The instance is 'm/count_reg[11]'.
Info    : Replacing a flip-flop with a logic constant 0. [GLO-12]
        : The instance is 'm/count_reg[12]'.
Info    : Replacing a flip-flop with a logic constant 0. [GLO-12]
        : The instance is 'm/count_reg[13]'.
Info    : Replacing a flip-flop with a logic constant 0. [GLO-12]
        : The instance is 'm/count_reg[14]'.
Info    : Replacing a flip-flop with a logic constant 0. [GLO-12]
        : The instance is 'm/count_reg[15]'.
Info    : Replacing a flip-flop with a logic constant 0. [GLO-12]
        : The instance is 'm/count_reg[16]'.
Info    : Replacing a flip-flop with a logic constant 0. [GLO-12]
        : The instance is 'm/count_reg[17]'.
Info    : Replacing a flip-flop with a logic constant 0. [GLO-12]
        : The instance is 'm/count_reg[18]'.
Info    : Replacing a flip-flop with a logic constant 0. [GLO-12]
        : The instance is 'm/count_reg[19]'.
Warning : Maximum message print count reached. [MESG-11]
        : Maximum print count of '20' reached for message 'GLO-12'.
Info    : Deleting instances not driving any primary outputs. [GLO-34]
        : Deleting 64 sequential instances.
        : Optimizations such as constant propagation or redundancy removal could change the connections so a hierarchical instance does not drive any primary outputs anymore. To see the list of deleted hierarchical instances, set the 'information_level' attribute to 2 or above. If the message is truncated set the message attribute 'truncate' to false to see the complete list. To prevent this optimization, set the 'delete_unloaded_insts' root/subdesign attribute to 'false' or 'preserve' instance attribute to 'true'.
Info    : Synthesizing. [SYNTH-1]
        : Synthesizing 'top_dut' to generic gates using 'medium' effort.
PBS_Generic-Start - Elapsed_Time 0, CPU_Time 0.0
stamp 'PBS_Generic-Start' being created for table 'pbs_debug'

  Total Time (Wall) |  Stage Time (Wall)  |   % (Wall)   |    Date - Time     |  Memory   | Stage
--------------------+---------------------+--------------+--------------------+-----------+----------------------
 00:00:11(00:18:29) |  00:00:00(00:00:00) |   0.0(  0.0) |   16:58:41 (Jan09) |  443.7 MB | PBS_Generic-Start
--------------------+---------------------+--------------+--------------------+-----------+----------------------
Number of threads: 8 * 1   (id: pbs_debug, time_info v1.57)
Info: (*N*) indicates data that was populated from previously saved time_info database
Info: CPU time includes time of parent + longest thread
TNS Restructuring config: no_value at stage: generic applied.
Info    : Partition Based Synthesis execution skipped. [PHYS-752]
        : Design size is less than the partition size '100000' for distributed generic optimization to kick in.
Starting mux data reorder optimization [v1.0] (stage: pre_to_gen_setup, startdef: top_dut, recur: true)
Completed mux data reorder optimization (accepts: 0, rejects: 0, runtime: 0.001s)

Stage: pre_to_gen_setup
------------------------------------------------------
| Transform       | Accepts | Rejects | Runtime (ms) | 
------------------------------------------------------
| hlo_mux_reorder |       0 |       0 |         1.00 | 
------------------------------------------------------
Starting mux data reorder optimization [v1.0] (stage: post_to_gen_setup, startdef: top_dut, recur: true)
Completed mux data reorder optimization (accepts: 0, rejects: 0, runtime: 0.000s)

Stage: post_to_gen_setup
------------------------------------------------------
| Transform       | Accepts | Rejects | Runtime (ms) | 
------------------------------------------------------
| hlo_mux_reorder |       0 |       0 |         0.00 | 
------------------------------------------------------
Running Unified Mux Engine Tricks...
Completed Unified Mux Engine Tricks

Stage: pre_hlo_rtlopt
--------------------------------------------
| Trick | Accepts | Rejects | Runtime (ms) | 
--------------------------------------------
--------------------------------------------
Starting infer macro optimization [v1.0] (stage: pre_rtlopt, startdef: top_dut, recur: true)
Completed infer macro optimization (accepts: 0, rejects: 2, runtime: 0.001s)
Starting decode mux sandwich optimization [v2.0] (stage: pre_rtlopt, startdef: top_dut, recur: true)
Completed decode mux sandwich optimization (accepts: 0, rejects: 0, runtime: 0.001s)
Starting decode mux optimization [v1.0] (stage: pre_rtlopt, startdef: top_dut, recur: true)
Completed decode mux optimization (accepts: 0, rejects: 0, runtime: 0.000s)
Starting chop wide muxes [v1.0] (stage: pre_rtlopt, startdef: top_dut, recur: true)
Completed chop wide muxes (accepts: 0, rejects: 0, runtime: 0.000s)
Starting common data mux cascade opt [v1.0] (stage: pre_rtlopt, startdef: top_dut, recur: true)
Completed common data mux cascade opt (accepts: 0, rejects: 0, runtime: 0.000s)
Starting mux input consolidation [v1.0] (stage: pre_rtlopt, startdef: top_dut, recur: true)
Completed mux input consolidation (accepts: 0, rejects: 0, runtime: 0.000s)
Starting constant-data mux optimization [v1.0] (stage: pre_rtlopt, startdef: top_dut, recur: true)
Completed constant-data mux optimization (accepts: 0, rejects: 0, runtime: 0.000s)
Starting chain-to-tree inequality transform [v2.0] (stage: pre_rtlopt, startdef: top_dut, recur: true)
Completed chain-to-tree inequality transform (accepts: 0, rejects: 0, runtime: 0.001s)
Starting reconvergence optimization [v1.0] (stage: pre_rtlopt, startdef: top_dut, recur: true)
Completed reconvergence optimization (accepts: 0, rejects: 0, runtime: 0.000s)
Starting logic restructure optimization [v1.0] (stage: pre_rtlopt, startdef: top_dut, recur: true)
Completed logic restructure optimization (accepts: 0, rejects: 0, runtime: 0.000s)
Starting common select mux optimization [v1.0] (stage: pre_rtlopt, startdef: top_dut, recur: true)
Completed common select mux optimization (accepts: 0, rejects: 0, runtime: 0.000s)
Starting identity transform [v3.0] (stage: pre_rtlopt, startdef: top_dut, recur: true)
Completed identity transform (accepts: 0, rejects: 0, runtime: 0.000s)
Starting reduce operator chain [v1.0] (stage: pre_rtlopt, startdef: top_dut, recur: true)
Completed reduce operator chain (accepts: 0, rejects: 0, runtime: 0.000s)
Starting common data mux cascade opt [v1.0] (stage: pre_rtlopt, startdef: top_dut, recur: true)
Completed common data mux cascade opt (accepts: 0, rejects: 0, runtime: 0.000s)
Starting mux input consolidation [v1.0] (stage: pre_rtlopt, startdef: top_dut, recur: true)
Completed mux input consolidation (accepts: 0, rejects: 0, runtime: 0.000s)
Starting optimize datapath elements [v1.0] (stage: pre_rtlopt, startdef: top_dut, recur: true)
Completed optimize datapath elements (accepts: 0, rejects: 0, runtime: 0.000s)
Starting datapath recasting [v1.0] (stage: pre_rtlopt, startdef: top_dut, recur: true)
Completed datapath recasting (accepts: 0, rejects: 0, runtime: 0.000s)
Starting clip mux common data inputs [v1.0] (stage: pre_rtlopt, startdef: top_dut, recur: true)
Completed clip mux common data inputs (accepts: 0, rejects: 0, runtime: 0.000s)
Starting clip the non-user hierarchies [v2.0] (stage: pre_rtlopt, startdef: top_dut, recur: true)
Completed clip the non-user hierarchies (accepts: 0, rejects: 0, runtime: 0.000s)

Stage: pre_rtlopt
----------------------------------------------------------------
| Transform                 | Accepts | Rejects | Runtime (ms) | 
----------------------------------------------------------------
| hlo_infer_macro           |       0 |       2 |         1.00 | 
| hlo_decode_mux_sandwich   |       0 |       0 |         1.00 | 
| hlo_mux_decode            |       0 |       0 |         0.00 | 
| hlo_chop_mux              |       0 |       0 |         0.00 | 
| hlo_mux_cascade_opt       |       0 |       0 |         0.00 | 
| hlo_mux_consolidation     |       0 |       0 |         0.00 | 
| hlo_constant_mux_opt      |       0 |       0 |         0.00 | 
| hlo_inequality_transform  |       0 |       0 |         1.00 | 
| hlo_reconv_opt            |       0 |       0 |         0.00 | 
| hlo_restructure           |       0 |       0 |         0.00 | 
| hlo_common_select_muxopto |       0 |       0 |         0.00 | 
| hlo_identity_transform    |       0 |       0 |         0.00 | 
| hlo_reduce_operator_chain |       0 |       0 |         0.00 | 
| hlo_mux_cascade_opt       |       0 |       0 |         0.00 | 
| hlo_mux_consolidation     |       0 |       0 |         0.00 | 
| hlo_optimize_datapath     |       0 |       0 |         0.00 | 
| hlo_datapath_recast       |       0 |       0 |         0.00 | 
| hlo_clip_mux_input        |       0 |       0 |         0.00 | 
| hlo_clip                  |       0 |       0 |         0.00 | 
----------------------------------------------------------------
Running Unified Mux Engine Tricks...
Completed Unified Mux Engine Tricks

Stage: post_hlo_rtlopt
--------------------------------------------------
| Trick       | Accepts | Rejects | Runtime (ms) | 
--------------------------------------------------
| ume_runtime |       0 |       0 |         0.00 | 
--------------------------------------------------
Number of big hc bmuxes before = 0
Info    : Pre-processed datapath logic. [DPOPT-6]
        : No pre-processing optimizations applied to datapath logic in 'top_dut'.
Info    : Optimizing datapath logic. [DPOPT-1]
        : Optimizing datapath logic in 'top_dut'.
Info    : Implementing datapath configurations. [DPOPT-3]
        : Implementing datapath configurations for 'CDN_DP_region_0_0'
CSAGen Prep Share:0 Re-Write:5 Speculation: 0
MaxCSA: Successfully built Maximal CSA Expression Expr0
Info    : Accepted resource sharing opportunity. [RTLOPT-30]
        : Merged the following sets of instances in 'CDN_DP_region_0_0_c7 in spi_master':
	  (SUB_TC_OP_4, SUB_TC_OP_1)

CDN_DP_region_0_0 level = 0 loads = 0 drivers = 0
CDN_DP_region_0_0_c0 in spi_master: area: 4394413440 ,dp = 9 mux = 8 sg = slow         worst_clk_period: -1.0000 
    wns: 0  norm_wns:  -1.0000 
    fail_endp: -1 
    tns:  0  tns_per_endp:  -1.0000   norm_tns_per_endp:  -1.0000 
    tns_sense_max:  -1.0000  tns_sense_avg:  -1.0000   tns_sense_num: -1
 skipped
CDN_DP_region_0_0_c1 in spi_master: area: 3696342555 ,dp = 9 mux = 8 sg = fast         worst_clk_period: -1.0000 
    wns: 0  norm_wns:  -1.0000 
    fail_endp: -1 
    tns:  0  tns_per_endp:  -1.0000   norm_tns_per_endp:  -1.0000 
    tns_sense_max:  -1.0000  tns_sense_avg:  -1.0000   tns_sense_num: -1
 is current best
CDN_DP_region_0_0_c2 in spi_master: area: 3696342555 ,dp = 9 mux = 8 sg = very_slow    worst_clk_period: -1.0000 
    wns: 0  norm_wns:  -1.0000 
    fail_endp: -1 
    tns:  0  tns_per_endp:  -1.0000   norm_tns_per_endp:  -1.0000 
    tns_sense_max:  -1.0000  tns_sense_avg:  -1.0000   tns_sense_num: -1
 is current best
CDN_DP_region_0_0_c3 in spi_master: area: 3696342555 ,dp = 9 mux = 8 sg = very_fast    worst_clk_period: -1.0000 
    wns: 0  norm_wns:  -1.0000 
    fail_endp: -1 
    tns:  0  tns_per_endp:  -1.0000   norm_tns_per_endp:  -1.0000 
    tns_sense_max:  -1.0000  tns_sense_avg:  -1.0000   tns_sense_num: -1
 is current best
CDN_DP_region_0_0_c4 in spi_master: area: 3696342555 ,dp = 9 mux = 8 sg = very_fast    worst_clk_period: -1.0000 
    wns: 0  norm_wns:  -1.0000 
    fail_endp: -1 
    tns:  0  tns_per_endp:  -1.0000   norm_tns_per_endp:  -1.0000 
    tns_sense_max:  -1.0000  tns_sense_avg:  -1.0000   tns_sense_num: -1
 is current best
CDN_DP_region_0_0_c5 in spi_master: area: 3696342555 ,dp = 9 mux = 8 sg = very_fast    worst_clk_period: -1.0000 
    wns: 0  norm_wns:  -1.0000 
    fail_endp: -1 
    tns:  0  tns_per_endp:  -1.0000   norm_tns_per_endp:  -1.0000 
    tns_sense_max:  -1.0000  tns_sense_avg:  -1.0000   tns_sense_num: -1
 is current best
CDN_DP_region_0_0_c6 in spi_master: area: 3696342555 ,dp = 9 mux = 8 sg = very_fast    worst_clk_period: -1.0000 
    wns: 0  norm_wns:  -1.0000 
    fail_endp: -1 
    tns:  0  tns_per_endp:  -1.0000   norm_tns_per_endp:  -1.0000 
    tns_sense_max:  -1.0000  tns_sense_avg:  -1.0000   tns_sense_num: -1
 is current best
CDN_DP_region_0_0_c7 in spi_master: area: 8189935465 ,dp = 7 mux = 8 sg = very_fast    worst_clk_period: -1.0000 
    wns: 0  norm_wns:  -1.0000 
    fail_endp: -1 
    tns:  0  tns_per_endp:  -1.0000   norm_tns_per_endp:  -1.0000 
    tns_sense_max:  -1.0000  tns_sense_avg:  -1.0000   tns_sense_num: -1

Best config: CDN_DP_region_0_0_c6 in spi_master: area: 3696342555 ,dp = 9 mux = 8 sg = very_fast    worst_clk_period: -1.0000 
    wns: 0  norm_wns:  -1.0000 
    fail_endp: -1 
    tns:  0  tns_per_endp:  -1.0000   norm_tns_per_endp:  -1.0000 
    tns_sense_max:  -1.0000  tns_sense_avg:  -1.0000   tns_sense_num: -1
  Smallest config area : 3696342555.  Fastest config wns;  0
##>+----------------------------------------------------------------------------------------------------------------------------------------------------------------+
##>Summary table of configs (Best config is CDN_DP_region_0_0_c6)
##>+----------------------------------------------------------------------------------------------------------------------------------------------------------------+
##>                     0                  1                  2                  3                  4                  5                  6                  7            
##>+----------------------------------------------------------------------------------------------------------------------------------------------------------------+
##>           Area       4394413440         3696342555         3696342555         3696342555         3696342555         3696342555         3696342555         8189935465  
##>            WNS    +214748364.70      +214748364.70      +214748364.70      +214748364.70      +214748364.70      +214748364.70      +214748364.70      +214748364.70  
##>            TNS                0                  0                  0                  0                  0                  0                  0                  0  
##>    Num Rewrite                0                  0                  0                  0                  0                  0                  0                  5  
##>     Num Factor                0                  0                  0                  0                  0                  0                  0                  0  
##>      Num Share                0                  0                  0                  0                  0                  0                  0                  1  
##>   Num CmultCse                0                  0                  0                  0                  0                  0                  0                  0  
##>   Num Downsize                0                  0                  0                  0                  0                  0                  0                  0  
##>  Num Speculate                0                  0                  0                  0                  0                  0                  0                  0  
##>     Runtime(s)                0                  0                  0                  0                  0                  0                  0                  1  
+----------------------------------------------------------------------------------------------------------------------------------------------------------------+
##>
##>
##>+------------------------------------------------------------------------------------------------------------------------------------------------------------+
##>Optimization Step DEBUG Table for config CDN_DP_region_0_0_c6
##>
##>                          Step                        Area   ( % Chg)        WNS (Change)        TNS (Change)          Runtime (s)        Comment                   
##>+------------------------------------------------------------------------------------------------------------------------------------------------------------+
##>createMaxCarrySave              START             4394413440 (      )    214748364.70 (        )             0 (        )              
##> datapath_rewrite_one_def       START             4394413440 ( +0.00)    214748364.70 (   +0.00)             0 (       0)              
##>  fast_cse_elim                 START             4394413440 ( +0.00)    214748364.70 (   +0.00)             0 (       0)              
##>                                  END             4394413440 ( +0.00)    214748364.70 (   +0.00)             0 (       0)           0  
##>  fast_cse_elim                 START             4394413440 ( +0.00)    214748364.70 (   +0.00)             0 (       0)              
##>                                  END             4394413440 ( +0.00)    214748364.70 (   +0.00)             0 (       0)           0  
##>                                  END             4394413440 ( +0.00)    214748364.70 (   +0.00)             0 (       0)           0  
##> dpopt_share_one_def            START             4394413440 ( +0.00)    214748364.70 (   +0.00)             0 (       0)              
##>                                  END             4394413440 ( +0.00)    214748364.70 (   +0.00)             0 (       0)           0  
##> csa_opto                       START             4394413440 ( +0.00)    214748364.70 (   +0.00)             0 (       0)              
##>                                  END             4272346400 ( -2.78)    214748364.70 (   +0.00)             0 (       0)           0  
##>                                  END             4272346400 ( -2.78)    214748364.70 (   +0.00)             0 (       0)           0  
##>canonicalize_by_names           START             4272346400 ( +0.00)    214748364.70 (   +0.00)             0 (       0)              
##>                                  END             4272346400 ( +0.00)    214748364.70 (   +0.00)             0 (       0)           0  
##>datapath_rewrite_post_csa_one_  START             4272346400 ( +0.00)    214748364.70 (   +0.00)             0 (       0)              
##>                                  END             4272346400 ( +0.00)    214748364.70 (   +0.00)             0 (       0)           0  
##>datapath_csa_factoring_one_gde  START             4272346400 ( +0.00)    214748364.70 (   +0.00)             0 (       0)              
##>                                  END             4272346400 ( +0.00)    214748364.70 (   +0.00)             0 (       0)           0  
##>dpopt_share_one_def             START             4272346400 ( +0.00)    214748364.70 (   +0.00)             0 (       0)              
##>                                  END             4272346400 ( +0.00)    214748364.70 (   +0.00)             0 (       0)           0  
##>datapath_rewrite_post_share     START             4272346400 ( +0.00)    214748364.70 (   +0.00)             0 (       0)              
##>                                  END             4272346400 ( +0.00)    214748364.70 (   +0.00)             0 (       0)           0  
##>dp_combine_const_mult_with_com  START             4272346400 ( +0.00)    214748364.70 (   +0.00)             0 (       0)              
##>                                  END             4272346400 ( +0.00)    214748364.70 (   +0.00)             0 (       0)           0  
##>dp_operator_level_decompositio  START             4272346400 ( +0.00)    214748364.70 (   +0.00)             0 (       0)              
##>                                  END             4272346400 ( +0.00)    214748364.70 (   +0.00)             0 (       0)           0  
##>selective_flatten_dp_config     START             4272346400 ( +0.00)    214748364.70 (   +0.00)             0 (       0)              
##>                                  END             4272346400 ( +0.00)    214748364.70 (   +0.00)             0 (       0)           0  
##>createMaxCarrySave              START             4272346400 ( +0.00)    214748364.70 (   +0.00)             0 (       0)              
##> datapath_rewrite_one_def       START             4272346400 ( +0.00)    214748364.70 (   +0.00)             0 (       0)              
##>  fast_cse_elim                 START             4272346400 ( +0.00)    214748364.70 (   +0.00)             0 (       0)              
##>                                  END             4272346400 ( +0.00)    214748364.70 (   +0.00)             0 (       0)           0  
##>  fast_cse_elim                 START             4272346400 ( +0.00)    214748364.70 (   +0.00)             0 (       0)              
##>                                  END             4272346400 ( +0.00)    214748364.70 (   +0.00)             0 (       0)           0  
##>                                  END             4272346400 ( +0.00)    214748364.70 (   +0.00)             0 (       0)           0  
##> dpopt_share_one_def            START             4272346400 ( +0.00)    214748364.70 (   +0.00)             0 (       0)              
##>                                  END             4272346400 ( +0.00)    214748364.70 (   +0.00)             0 (       0)           0  
##> csa_opto                       START             4272346400 ( +0.00)    214748364.70 (   +0.00)             0 (       0)              
##>                                  END             4272346400 ( +0.00)    214748364.70 (   +0.00)             0 (       0)           0  
##>                                  END             4272346400 ( +0.00)    214748364.70 (   +0.00)             0 (       0)           0  
##>context_based_simplify          START             4257088020 ( -0.36)    214748364.70 (   +0.00)             0 (       0)              
##>                                  END             3696342555 (-13.17)    214748364.70 (   +0.00)             0 (       0)           0  
##>group_csa_final_adder_dp        START             3696342555 ( +0.00)    214748364.70 (   +0.00)             0 (       0)              
##>                                  END             3696342555 ( +0.00)    214748364.70 (   +0.00)             0 (       0)           0  
##>dpopt_flatten_critical_muxes_i  START             3696342555 ( +0.00)    214748364.70 (   +0.00)             0 (       0)              
##>                                  END             3696342555 ( +0.00)    214748364.70 (   +0.00)             0 (       0)           0  
##>create_score                    START             3696342555 ( +0.00)    214748364.70 (   +0.00)             0 (       0)              
##>                                  END             3696342555 ( +0.00)    214748364.70 (   +0.00)             0 (       0)           0  
##>+------------------------------------------------------------------------------------------------------------------------------------------------------------+
Committed config: CDN_DP_region_0_0_c6
Info    : Done implementing datapath configurations. [DPOPT-4]
        : Selected 'very_fast' configuration 6 for module 'CDN_DP_region_0_0'.
          Optimizations applied to 'very_fast' configuration:
            rewriting(0), factoring(0), sharing(0), cmultcse(0), downsizing(0), speculation(0)
Info    : Implementing datapath configurations. [DPOPT-3]
        : Implementing datapath configurations for 'CDN_DP_region_1_1'
CSAGen Prep Share:0 Re-Write:2 Speculation: 0
MaxCSA: Successfully built Maximal CSA Expression Expr1
Info    : Accepted resource sharing opportunity. [RTLOPT-30]
        : Merged the following sets of instances in 'CDN_DP_region_1_1_c7 in spi_slave':
	  (SUB_TC_OP_2, SUB_TC_OP_1)

CDN_DP_region_1_1 level = 0 loads = 0 drivers = 0
CDN_DP_region_1_1_c0 in spi_slave: area: 2159060770 ,dp = 5 mux = 0 sg = slow         worst_clk_period: -1.0000 
    wns: 0  norm_wns:  -1.0000 
    fail_endp: -1 
    tns:  0  tns_per_endp:  -1.0000   norm_tns_per_endp:  -1.0000 
    tns_sense_max:  -1.0000  tns_sense_avg:  -1.0000   tns_sense_num: -1
 skipped
CDN_DP_region_1_1_c1 in spi_slave: area: 1579242330 ,dp = 5 mux = 0 sg = fast         worst_clk_period: -1.0000 
    wns: 0  norm_wns:  -1.0000 
    fail_endp: -1 
    tns:  0  tns_per_endp:  -1.0000   norm_tns_per_endp:  -1.0000 
    tns_sense_max:  -1.0000  tns_sense_avg:  -1.0000   tns_sense_num: -1
 is current best
CDN_DP_region_1_1_c2 in spi_slave: area: 1579242330 ,dp = 5 mux = 0 sg = very_slow    worst_clk_period: -1.0000 
    wns: 0  norm_wns:  -1.0000 
    fail_endp: -1 
    tns:  0  tns_per_endp:  -1.0000   norm_tns_per_endp:  -1.0000 
    tns_sense_max:  -1.0000  tns_sense_avg:  -1.0000   tns_sense_num: -1
 is current best
CDN_DP_region_1_1_c3 in spi_slave: area: 1579242330 ,dp = 5 mux = 0 sg = very_fast    worst_clk_period: -1.0000 
    wns: 0  norm_wns:  -1.0000 
    fail_endp: -1 
    tns:  0  tns_per_endp:  -1.0000   norm_tns_per_endp:  -1.0000 
    tns_sense_max:  -1.0000  tns_sense_avg:  -1.0000   tns_sense_num: -1
 is current best
CDN_DP_region_1_1_c4 in spi_slave: area: 1579242330 ,dp = 5 mux = 0 sg = very_fast    worst_clk_period: -1.0000 
    wns: 0  norm_wns:  -1.0000 
    fail_endp: -1 
    tns:  0  tns_per_endp:  -1.0000   norm_tns_per_endp:  -1.0000 
    tns_sense_max:  -1.0000  tns_sense_avg:  -1.0000   tns_sense_num: -1
 is current best
CDN_DP_region_1_1_c5 in spi_slave: area: 1579242330 ,dp = 5 mux = 0 sg = very_fast    worst_clk_period: -1.0000 
    wns: 0  norm_wns:  -1.0000 
    fail_endp: -1 
    tns:  0  tns_per_endp:  -1.0000   norm_tns_per_endp:  -1.0000 
    tns_sense_max:  -1.0000  tns_sense_avg:  -1.0000   tns_sense_num: -1
 is current best
CDN_DP_region_1_1_c6 in spi_slave: area: 1579242330 ,dp = 5 mux = 0 sg = very_fast    worst_clk_period: -1.0000 
    wns: 0  norm_wns:  -1.0000 
    fail_endp: -1 
    tns:  0  tns_per_endp:  -1.0000   norm_tns_per_endp:  -1.0000 
    tns_sense_max:  -1.0000  tns_sense_avg:  -1.0000   tns_sense_num: -1
 is current best
CDN_DP_region_1_1_c7 in spi_slave: area: 2830429490 ,dp = 3 mux = 0 sg = very_fast    worst_clk_period: -1.0000 
    wns: 0  norm_wns:  -1.0000 
    fail_endp: -1 
    tns:  0  tns_per_endp:  -1.0000   norm_tns_per_endp:  -1.0000 
    tns_sense_max:  -1.0000  tns_sense_avg:  -1.0000   tns_sense_num: -1

Best config: CDN_DP_region_1_1_c6 in spi_slave: area: 1579242330 ,dp = 5 mux = 0 sg = very_fast    worst_clk_period: -1.0000 
    wns: 0  norm_wns:  -1.0000 
    fail_endp: -1 
    tns:  0  tns_per_endp:  -1.0000   norm_tns_per_endp:  -1.0000 
    tns_sense_max:  -1.0000  tns_sense_avg:  -1.0000   tns_sense_num: -1
  Smallest config area : 1579242330.  Fastest config wns;  0
##>+----------------------------------------------------------------------------------------------------------------------------------------------------------------+
##>Summary table of configs (Best config is CDN_DP_region_1_1_c6)
##>+----------------------------------------------------------------------------------------------------------------------------------------------------------------+
##>                     0                  1                  2                  3                  4                  5                  6                  7            
##>+----------------------------------------------------------------------------------------------------------------------------------------------------------------+
##>           Area       2159060770         1579242330         1579242330         1579242330         1579242330         1579242330         1579242330         2830429490  
##>            WNS    +214748364.70      +214748364.70      +214748364.70      +214748364.70      +214748364.70      +214748364.70      +214748364.70      +214748364.70  
##>            TNS                0                  0                  0                  0                  0                  0                  0                  0  
##>    Num Rewrite                0                  0                  0                  0                  0                  0                  0                  2  
##>     Num Factor                0                  0                  0                  0                  0                  0                  0                  0  
##>      Num Share                0                  0                  0                  0                  0                  0                  0                  1  
##>   Num CmultCse                0                  0                  0                  0                  0                  0                  0                  0  
##>   Num Downsize                0                  0                  0                  0                  0                  0                  0                  0  
##>  Num Speculate                0                  0                  0                  0                  0                  0                  0                  0  
##>     Runtime(s)                0                  0                  0                  0                  0                  0                  0                  0  
+----------------------------------------------------------------------------------------------------------------------------------------------------------------+
##>
##>
##>+------------------------------------------------------------------------------------------------------------------------------------------------------------+
##>Optimization Step DEBUG Table for config CDN_DP_region_1_1_c6
##>
##>                          Step                        Area   ( % Chg)        WNS (Change)        TNS (Change)          Runtime (s)        Comment                   
##>+------------------------------------------------------------------------------------------------------------------------------------------------------------+
##>createMaxCarrySave              START             2159060770 (      )    214748364.70 (        )             0 (        )              
##> datapath_rewrite_one_def       START             2159060770 ( +0.00)    214748364.70 (   +0.00)             0 (       0)              
##>  fast_cse_elim                 START             2159060770 ( +0.00)    214748364.70 (   +0.00)             0 (       0)              
##>                                  END             2159060770 ( +0.00)    214748364.70 (   +0.00)             0 (       0)           0  
##>  fast_cse_elim                 START             2159060770 ( +0.00)    214748364.70 (   +0.00)             0 (       0)              
##>                                  END             2159060770 ( +0.00)    214748364.70 (   +0.00)             0 (       0)           0  
##>                                  END             2159060770 ( +0.00)    214748364.70 (   +0.00)             0 (       0)           0  
##> dpopt_share_one_def            START             2159060770 ( +0.00)    214748364.70 (   +0.00)             0 (       0)              
##>                                  END             2159060770 ( +0.00)    214748364.70 (   +0.00)             0 (       0)           0  
##> csa_opto                       START             2159060770 ( +0.00)    214748364.70 (   +0.00)             0 (       0)              
##>                                  END             2036993730 ( -5.65)    214748364.70 (   +0.00)             0 (       0)           0  
##>                                  END             2036993730 ( -5.65)    214748364.70 (   +0.00)             0 (       0)           0  
##>canonicalize_by_names           START             2036993730 ( +0.00)    214748364.70 (   +0.00)             0 (       0)              
##>                                  END             2036993730 ( +0.00)    214748364.70 (   +0.00)             0 (       0)           0  
##>datapath_rewrite_post_csa_one_  START             2036993730 ( +0.00)    214748364.70 (   +0.00)             0 (       0)              
##>                                  END             2036993730 ( +0.00)    214748364.70 (   +0.00)             0 (       0)           0  
##>datapath_csa_factoring_one_gde  START             2036993730 ( +0.00)    214748364.70 (   +0.00)             0 (       0)              
##>                                  END             2036993730 ( +0.00)    214748364.70 (   +0.00)             0 (       0)           0  
##>dpopt_share_one_def             START             2036993730 ( +0.00)    214748364.70 (   +0.00)             0 (       0)              
##>                                  END             2036993730 ( +0.00)    214748364.70 (   +0.00)             0 (       0)           0  
##>datapath_rewrite_post_share     START             2036993730 ( +0.00)    214748364.70 (   +0.00)             0 (       0)              
##>                                  END             2036993730 ( +0.00)    214748364.70 (   +0.00)             0 (       0)           0  
##>dp_combine_const_mult_with_com  START             2036993730 ( +0.00)    214748364.70 (   +0.00)             0 (       0)              
##>                                  END             2036993730 ( +0.00)    214748364.70 (   +0.00)             0 (       0)           0  
##>dp_operator_level_decompositio  START             2036993730 ( +0.00)    214748364.70 (   +0.00)             0 (       0)              
##>                                  END             2036993730 ( +0.00)    214748364.70 (   +0.00)             0 (       0)           0  
##>selective_flatten_dp_config     START             2036993730 ( +0.00)    214748364.70 (   +0.00)             0 (       0)              
##>                                  END             2036993730 ( +0.00)    214748364.70 (   +0.00)             0 (       0)           0  
##>createMaxCarrySave              START             2036993730 ( +0.00)    214748364.70 (   +0.00)             0 (       0)              
##> datapath_rewrite_one_def       START             2036993730 ( +0.00)    214748364.70 (   +0.00)             0 (       0)              
##>  fast_cse_elim                 START             2036993730 ( +0.00)    214748364.70 (   +0.00)             0 (       0)              
##>                                  END             2036993730 ( +0.00)    214748364.70 (   +0.00)             0 (       0)           0  
##>  fast_cse_elim                 START             2036993730 ( +0.00)    214748364.70 (   +0.00)             0 (       0)              
##>                                  END             2036993730 ( +0.00)    214748364.70 (   +0.00)             0 (       0)           0  
##>                                  END             2036993730 ( +0.00)    214748364.70 (   +0.00)             0 (       0)           0  
##> dpopt_share_one_def            START             2036993730 ( +0.00)    214748364.70 (   +0.00)             0 (       0)              
##>                                  END             2036993730 ( +0.00)    214748364.70 (   +0.00)             0 (       0)           0  
##> csa_opto                       START             2036993730 ( +0.00)    214748364.70 (   +0.00)             0 (       0)              
##>                                  END             2036993730 ( +0.00)    214748364.70 (   +0.00)             0 (       0)           0  
##>                                  END             2036993730 ( +0.00)    214748364.70 (   +0.00)             0 (       0)           0  
##>context_based_simplify          START             2021735350 ( -0.75)    214748364.70 (   +0.00)             0 (       0)              
##>                                  END             1579242330 (-21.89)    214748364.70 (   +0.00)             0 (       0)           0  
##>group_csa_final_adder_dp        START             1579242330 ( +0.00)    214748364.70 (   +0.00)             0 (       0)              
##>                                  END             1579242330 ( +0.00)    214748364.70 (   +0.00)             0 (       0)           0  
##>dpopt_flatten_critical_muxes_i  START             1579242330 ( +0.00)    214748364.70 (   +0.00)             0 (       0)              
##>                                  END             1579242330 ( +0.00)    214748364.70 (   +0.00)             0 (       0)           0  
##>create_score                    START             1579242330 ( +0.00)    214748364.70 (   +0.00)             0 (       0)              
##>                                  END             1579242330 ( +0.00)    214748364.70 (   +0.00)             0 (       0)           0  
##>+------------------------------------------------------------------------------------------------------------------------------------------------------------+
Committed config: CDN_DP_region_1_1_c6
Info    : Done implementing datapath configurations. [DPOPT-4]
        : Selected 'very_fast' configuration 6 for module 'CDN_DP_region_1_1'.
          Optimizations applied to 'very_fast' configuration:
            rewriting(0), factoring(0), sharing(0), cmultcse(0), downsizing(0), speculation(0)
Info    : Implementing datapath configurations. [DPOPT-3]
        : Implementing datapath configurations for 'CDN_DP_region_1_0'
CSAGen Prep Share:0 Re-Write:0 Speculation: 0
CDN_DP_region_1_0 level = 0 loads = 0 drivers = 0
CDN_DP_region_1_0_c0 in spi_slave: area: 125881635 ,dp = 0 mux = 1 sg = slow         worst_clk_period: -1.0000 
    wns: 0  norm_wns:  -1.0000 
    fail_endp: -1 
    tns:  0  tns_per_endp:  -1.0000   norm_tns_per_endp:  -1.0000 
    tns_sense_max:  -1.0000  tns_sense_avg:  -1.0000   tns_sense_num: -1
 skipped
CDN_DP_region_1_0_c1 in spi_slave: area: 125881635 ,dp = 0 mux = 1 sg = fast         worst_clk_period: -1.0000 
    wns: 0  norm_wns:  -1.0000 
    fail_endp: -1 
    tns:  0  tns_per_endp:  -1.0000   norm_tns_per_endp:  -1.0000 
    tns_sense_max:  -1.0000  tns_sense_avg:  -1.0000   tns_sense_num: -1
 is current best
CDN_DP_region_1_0_c2 in spi_slave: area: 125881635 ,dp = 0 mux = 1 sg = very_slow    worst_clk_period: -1.0000 
    wns: 0  norm_wns:  -1.0000 
    fail_endp: -1 
    tns:  0  tns_per_endp:  -1.0000   norm_tns_per_endp:  -1.0000 
    tns_sense_max:  -1.0000  tns_sense_avg:  -1.0000   tns_sense_num: -1
 is current best
CDN_DP_region_1_0_c3 in spi_slave: area: 125881635 ,dp = 0 mux = 1 sg = very_fast    worst_clk_period: -1.0000 
    wns: 0  norm_wns:  -1.0000 
    fail_endp: -1 
    tns:  0  tns_per_endp:  -1.0000   norm_tns_per_endp:  -1.0000 
    tns_sense_max:  -1.0000  tns_sense_avg:  -1.0000   tns_sense_num: -1
 is current best
CDN_DP_region_1_0_c4 in spi_slave: area: 125881635 ,dp = 0 mux = 1 sg = very_fast    worst_clk_period: -1.0000 
    wns: 0  norm_wns:  -1.0000 
    fail_endp: -1 
    tns:  0  tns_per_endp:  -1.0000   norm_tns_per_endp:  -1.0000 
    tns_sense_max:  -1.0000  tns_sense_avg:  -1.0000   tns_sense_num: -1
 is current best
CDN_DP_region_1_0_c5 in spi_slave: area: 125881635 ,dp = 0 mux = 1 sg = very_fast    worst_clk_period: -1.0000 
    wns: 0  norm_wns:  -1.0000 
    fail_endp: -1 
    tns:  0  tns_per_endp:  -1.0000   norm_tns_per_endp:  -1.0000 
    tns_sense_max:  -1.0000  tns_sense_avg:  -1.0000   tns_sense_num: -1
 is current best
CDN_DP_region_1_0_c6 in spi_slave: area: 125881635 ,dp = 0 mux = 1 sg = very_fast    worst_clk_period: -1.0000 
    wns: 0  norm_wns:  -1.0000 
    fail_endp: -1 
    tns:  0  tns_per_endp:  -1.0000   norm_tns_per_endp:  -1.0000 
    tns_sense_max:  -1.0000  tns_sense_avg:  -1.0000   tns_sense_num: -1
 is current best
CDN_DP_region_1_0_c7 in spi_slave: area: 125881635 ,dp = 0 mux = 1 sg = very_fast    worst_clk_period: -1.0000 
    wns: 0  norm_wns:  -1.0000 
    fail_endp: -1 
    tns:  0  tns_per_endp:  -1.0000   norm_tns_per_endp:  -1.0000 
    tns_sense_max:  -1.0000  tns_sense_avg:  -1.0000   tns_sense_num: -1
 is current best
Best config: CDN_DP_region_1_0_c7 in spi_slave: area: 125881635 ,dp = 0 mux = 1 sg = very_fast    worst_clk_period: -1.0000 
    wns: 0  norm_wns:  -1.0000 
    fail_endp: -1 
    tns:  0  tns_per_endp:  -1.0000   norm_tns_per_endp:  -1.0000 
    tns_sense_max:  -1.0000  tns_sense_avg:  -1.0000   tns_sense_num: -1
  Smallest config area : 125881635.  Fastest config wns;  0
##>+----------------------------------------------------------------------------------------------------------------------------------------------------------------+
##>Summary table of configs (Best config is CDN_DP_region_1_0_c7)
##>+----------------------------------------------------------------------------------------------------------------------------------------------------------------+
##>                     0                  1                  2                  3                  4                  5                  6                  7            
##>+----------------------------------------------------------------------------------------------------------------------------------------------------------------+
##>           Area        125881635          125881635          125881635          125881635          125881635          125881635          125881635          125881635  
##>            WNS    +214748364.70      +214748364.70      +214748364.70      +214748364.70      +214748364.70      +214748364.70      +214748364.70      +214748364.70  
##>            TNS                0                  0                  0                  0                  0                  0                  0                  0  
##>    Num Rewrite                0                  0                  0                  0                  0                  0                  0                  0  
##>     Num Factor                0                  0                  0                  0                  0                  0                  0                  0  
##>      Num Share                0                  0                  0                  0                  0                  0                  0                  0  
##>   Num CmultCse                0                  0                  0                  0                  0                  0                  0                  0  
##>   Num Downsize                0                  0                  0                  0                  0                  0                  0                  0  
##>  Num Speculate                0                  0                  0                  0                  0                  0                  0                  0  
##>     Runtime(s)                0                  0                  0                  0                  0                  0                  0                  0  
+----------------------------------------------------------------------------------------------------------------------------------------------------------------+
##>
##>
##>+------------------------------------------------------------------------------------------------------------------------------------------------------------+
##>Optimization Step DEBUG Table for config CDN_DP_region_1_0_c7
##>
##>                          Step                        Area   ( % Chg)        WNS (Change)        TNS (Change)          Runtime (s)        Comment                   
##>+------------------------------------------------------------------------------------------------------------------------------------------------------------+
##>EquationExtraction              START              125881635 (      )    214748364.70 (        )             0 (        )              
##>                                  END              125881635 ( +0.00)    214748364.70 (   +0.00)             0 (       0)           0  
##>createMaxCarrySave              START              125881635 ( +0.00)    214748364.70 (   +0.00)             0 (       0)              
##> datapath_rewrite_one_def       START              125881635 ( +0.00)    214748364.70 (   +0.00)             0 (       0)              
##>                                  END              125881635 ( +0.00)    214748364.70 (   +0.00)             0 (       0)           0  
##> csa_opto                       START              125881635 ( +0.00)    214748364.70 (   +0.00)             0 (       0)              
##>                                  END              125881635 ( +0.00)    214748364.70 (   +0.00)             0 (       0)           0  
##>                                  END              125881635 ( +0.00)    214748364.70 (   +0.00)             0 (       0)           0  
##>canonicalize_by_names           START              125881635 ( +0.00)    214748364.70 (   +0.00)             0 (       0)              
##>                                  END              125881635 ( +0.00)    214748364.70 (   +0.00)             0 (       0)           0  
##>datapath_rewrite_post_csa_one_  START              125881635 ( +0.00)    214748364.70 (   +0.00)             0 (       0)              
##>                                  END              125881635 ( +0.00)    214748364.70 (   +0.00)             0 (       0)           0  
##>datapath_csa_factoring_one_gde  START              125881635 ( +0.00)    214748364.70 (   +0.00)             0 (       0)              
##>                                  END              125881635 ( +0.00)    214748364.70 (   +0.00)             0 (       0)           0  
##>dpopt_share_one_def             START              125881635 ( +0.00)    214748364.70 (   +0.00)             0 (       0)              
##>                                  END              125881635 ( +0.00)    214748364.70 (   +0.00)             0 (       0)           0  
##>datapath_rewrite_post_share     START              125881635 ( +0.00)    214748364.70 (   +0.00)             0 (       0)              
##>                                  END              125881635 ( +0.00)    214748364.70 (   +0.00)             0 (       0)           0  
##>dp_combine_const_mult_with_com  START              125881635 ( +0.00)    214748364.70 (   +0.00)             0 (       0)              
##>                                  END              125881635 ( +0.00)    214748364.70 (   +0.00)             0 (       0)           0  
##>dp_operator_level_decompositio  START              125881635 ( +0.00)    214748364.70 (   +0.00)             0 (       0)              
##>                                  END              125881635 ( +0.00)    214748364.70 (   +0.00)             0 (       0)           0  
##>selective_flatten_dp_config     START              125881635 ( +0.00)    214748364.70 (   +0.00)             0 (       0)              
##>                                  END              125881635 ( +0.00)    214748364.70 (   +0.00)             0 (       0)           0  
##>createMaxCarrySave              START              125881635 ( +0.00)    214748364.70 (   +0.00)             0 (       0)              
##> datapath_rewrite_one_def       START              125881635 ( +0.00)    214748364.70 (   +0.00)             0 (       0)              
##>  fast_cse_elim                 START              125881635 ( +0.00)    214748364.70 (   +0.00)             0 (       0)              
##>                                  END              125881635 ( +0.00)    214748364.70 (   +0.00)             0 (       0)           0  
##>  fast_cse_elim                 START              125881635 ( +0.00)    214748364.70 (   +0.00)             0 (       0)              
##>                                  END              125881635 ( +0.00)    214748364.70 (   +0.00)             0 (       0)           0  
##>                                  END              125881635 ( +0.00)    214748364.70 (   +0.00)             0 (       0)           0  
##> csa_opto                       START              125881635 ( +0.00)    214748364.70 (   +0.00)             0 (       0)              
##>                                  END              125881635 ( +0.00)    214748364.70 (   +0.00)             0 (       0)           0  
##>                                  END              125881635 ( +0.00)    214748364.70 (   +0.00)             0 (       0)           0  
##>context_based_simplify          START              125881635 ( +0.00)    214748364.70 (   +0.00)             0 (       0)              
##>                                  END              125881635 ( +0.00)    214748364.70 (   +0.00)             0 (       0)           0  
##>group_csa_final_adder_dp        START              125881635 ( +0.00)    214748364.70 (   +0.00)             0 (       0)              
##>                                  END              125881635 ( +0.00)    214748364.70 (   +0.00)             0 (       0)           0  
##>dpopt_flatten_critical_muxes_i  START              125881635 ( +0.00)    214748364.70 (   +0.00)             0 (       0)              
##>                                  END              125881635 ( +0.00)    214748364.70 (   +0.00)             0 (       0)           0  
##>create_score                    START              125881635 ( +0.00)    214748364.70 (   +0.00)             0 (       0)              
##>                                  END              125881635 ( +0.00)    214748364.70 (   +0.00)             0 (       0)           0  
##>+------------------------------------------------------------------------------------------------------------------------------------------------------------+
Committed config: CDN_DP_region_1_0_c7
Info    : Done implementing datapath configurations. [DPOPT-4]
        : Selected 'very_fast' configuration 7 for module 'CDN_DP_region_1_0'.
          Optimizations applied to 'very_fast' configuration:
            rewriting(0), factoring(0), sharing(0), cmultcse(0), downsizing(0), speculation(0)
Info    : Done optimizing datapath logic. [DPOPT-2]
        : Done optimizing datapath logic in 'top_dut'.
Number of big hc bmuxes after = 0
Starting logic reduction [v1.0] (stage: post_rtlopt, startdef: top_dut, recur: true)
Completed logic reduction (accepts: 0, rejects: 0, runtime: 0.000s)
Starting mux data reorder optimization [v1.0] (stage: post_rtlopt, startdef: top_dut, recur: true)
Completed mux data reorder optimization (accepts: 0, rejects: 0, runtime: 0.000s)

Stage: post_rtlopt
----------------------------------------------------------
| Transform           | Accepts | Rejects | Runtime (ms) | 
----------------------------------------------------------
| hlo_logic_reduction |       0 |       0 |         0.00 | 
| hlo_mux_reorder     |       0 |       0 |         0.00 | 
----------------------------------------------------------
Starting mux speculation [v1.0] (stage: post_muxopt, startdef: top_dut, recur: true)
Starting speculation optimization
Completed speculation optimization (accepts:0)
Completed mux speculation (accepts: 0, rejects: 0, runtime: 0.010s)

Stage: post_muxopt
------------------------------------------------------
| Transform       | Accepts | Rejects | Runtime (ms) | 
------------------------------------------------------
| hlo_speculation |       0 |       0 |        10.00 | 
------------------------------------------------------
==================================
Stage : to_generic 
==================================
  =================
   Message Summary
  =================
------------------------------------------------------------------------------------------------------------------------------
|     Id     |  Sev   |Count |                                         Message Text                                          |
------------------------------------------------------------------------------------------------------------------------------
| CDFG-372   |Info    |    5 |Bitwidth mismatch in assignment.                                                               |
|            |        |      |Review and make sure the mismatch is unintentional. Genus can possibly issue bitwidth mismatch |
|            |        |      | warning for explicit assignments present in RTL as-well-as for implicit assignments inferred  |
|            |        |      | by the tool. For example, in case of enum declaration without value, the tool will implicitly |
|            |        |      | assign value to the enum variables. It also issues the warning for any bitwidth mismatch that |
|            |        |      | appears in this implicit assignment.                                                          |
| CDFG-738   |Info    |    1 |Common subexpression eliminated.                                                               |
| CDFG-739   |Info    |    1 |Common subexpression kept.                                                                     |
| CDFG2G-622 |Warning |   64 |Signal or variable has multiple drivers.                                                       |
|            |        |      |This may cause simulation mismatches between the original and synthesized designs.             |
| CWD-19     |Info    |   65 |An implementation was inferred.                                                                |
| DPOPT-1    |Info    |    1 |Optimizing datapath logic.                                                                     |
| DPOPT-2    |Info    |    1 |Done optimizing datapath logic.                                                                |
| DPOPT-3    |Info    |    3 |Implementing datapath configurations.                                                          |
| DPOPT-4    |Info    |    3 |Done implementing datapath configurations.                                                     |
| DPOPT-6    |Info    |    1 |Pre-processed datapath logic.                                                                  |
| ELAB-1     |Info    |    1 |Elaborating Design.                                                                            |
| ELAB-2     |Info    |    2 |Elaborating Subdesign.                                                                         |
| ELAB-3     |Info    |    1 |Done Elaborating Design.                                                                       |
| GB-6       |Info    |    1 |A datapath component has been ungrouped.                                                       |
| GLO-12     |Info    |   64 |Replacing a flip-flop with a logic constant 0.                                                 |
|            |        |      |To prevent this optimization, set the 'optimize_constant_0_flops' root attribute to 'false' or |
|            |        |      | 'optimize_constant_0_seq' instance attribute to 'false'. You can also see the complete list   |
|            |        |      | of deleted sequential with command 'report sequential -deleted' (on Reason 'constant0').      |
| GLO-34     |Info    |    1 |Deleting instances not driving any primary outputs.                                            |
|            |        |      |Optimizations such as constant propagation or redundancy removal could change the connections  |
|            |        |      | so a hierarchical instance does not drive any primary outputs anymore. To see the list of     |
|            |        |      | deleted hierarchical instances, set the 'information_level' attribute to 2 or above. If the   |
|            |        |      | message is truncated set the message attribute 'truncate' to false to see the complete list.  |
|            |        |      | To prevent this optimization, set the 'delete_unloaded_insts' root/subdesign attribute to     |
|            |        |      | 'false' or 'preserve' instance attribute to 'true'.                                           |
| HPT-76     |Warning |    4 |Replacing previously read Verilog module or VHDL entity.                                       |
|            |        |      |A newly read VHDL entity replaces any previously read Verilog module or VHDL entity in the     |
|            |        |      | same library if its name matches (case-insensitively)                                         |
|            |        |      | the existing module or entity.
    For instance:
        VHDL 'foo'                  replaces |
|            |        |      | VHDL {'FOO' or 'foo' or 'Foo' or ...} in the same library
        VHDL 'foo' (in any library) |
|            |        |      | replaces  Verilog {'FOO' or 'foo' or 'Foo' or ...}                                            |
|            |        |      | in the same library
 
A newly read Verilog module replaces any previously read Verilog module |
|            |        |      | if its name matches (case-sensitively)                                                        |
|            |        |      | that module.  Further, it replaces any previously read VHDL entity in the same library if its |
|            |        |      | name matches (case -insensitively)                                                            |
|            |        |      | that entity.
    For instance:
        Verilog 'foo' replaces    VHDL                         |
|            |        |      | {'FOO' or 'foo' or 'Foo' or ...}                                                              |
|            |        |      | in the same library
        Verilog 'foo' replaces    Verilog 'foo' only
    In addition:
    |
|            |        |      | Verilog 'foo' does not replace Verilog 'FOO' and the two remain as distinct modules.          |
| LBR-41     |Info    |    1 |An output library pin lacks a function attribute.                                              |
|            |        |      |If the remainder of this library cell's semantic checks are successful, it will be considered  |
|            |        |      | as a timing-model (because one of its outputs does not have a valid function.                 |
| LBR-155    |Info    |  372 |Mismatch in unateness between 'timing_sense' attribute and the function.                       |
|            |        |      |The 'timing_sense' attribute will be respected.                                                |
| LBR-161    |Info    |    1 |Setting the maximum print count of this message to 10 if information_level is less than 9.     |
| LBR-162    |Info    |  124 |Both 'pos_unate' and 'neg_unate' timing_sense arcs have been processed.                        |
|            |        |      |Setting the 'timing_sense' to non_unate.                                                       |
| LBR-170    |Info    |   32 |Ignoring specified timing sense.                                                               |
|            |        |      |Timing sense should never be set with 'rising_edge' or 'falling_edge' timing type.             |
| LBR-412    |Info    |    1 |Created nominal operating condition.                                                           |
|            |        |      |The nominal operating condition is represented, either by the nominal PVT values specified in  |
|            |        |      | the library source (via nom_process,nom_voltage and nom_temperature respectively)             |
|            |        |      | , or by the default PVT values (1.0,1.0,1.0).                                                 |
| LBR-516    |Info    |    1 |Missing library level attribute.                                                               |
| LBR-518    |Info    |    1 |Missing a function attribute in the output pin definition.                                     |
| PHYS-752   |Info    |    1 |Partition Based Synthesis execution skipped.                                                   |
| RTLOPT-30  |Info    |    2 |Accepted resource sharing opportunity.                                                         |
| SYNTH-1    |Info    |    1 |Synthesizing.                                                                                  |
| VLOGPT-1   |Error   |   36 |Parsing error.                                                                                 |
|            |        |      |Invalid Verilog syntax is parsed, or unsupported Verilog syntax is encountered.                |
| VLOGPT-6   |Warning |    4 |Replacing previously read Verilog description.                                                 |
|            |        |      |A Verilog description is replaced when a new description of the same name and same library is  |
|            |        |      | read again.
    Verilog descriptions are:
       module
       macromodule
                   |
|            |        |      | configuration
    SystemVerilog adds the following descriptions:
       interface
            |
|            |        |      | program
       package.                                                                       |
| VLOGPT-20  |Error   |   12 |Reference to undeclared variable. A variable/parameter must be declared before it is           |
|            |        |      | referenced.                                                                                   |
|            |        |      |Verilog module is using a parameter that is not defined in the module. You will get a          |
|            |        |      | notification for this, if you read the verilog file using the read_hdl command.               |
| VLOGPT-22  |Error   |   24 |Redeclared variable.                                                                           |
|            |        |      |A variable cannot be redeclared in the same scope. Check the reported RTL file and remove      |
|            |        |      | duplicate declarations.                                                                       |
| VLOGPT-28  |Error   |    2 |The referenced package does not exist..                                                        |
|            |        |      |The referenced package does not exist in the same HDL library.                                 |
| VLOGPT-37  |Warning |   14 |Ignoring unsynthesizable construct.                                                            |
|            |        |      |For example, the following constructs will be ignored:
    - initial block
    - final block
  |
|            |        |      | - program block
    - property block
    - sequence block
    - covergroup
    - checker      |
|            |        |      | block
    - gate drive strength
    - system task enable
    - reg declaration with initial   |
|            |        |      | value
    - specify block.                                                                    |
| VLOGPT-86  |Error   |    8 |Net not allowed in this context.                                                               |
|            |        |      |A net cannot be assigned within an always block.  This situation may occur because an output   |
|            |        |      | port is not explicitly declared as a reg.                                                     |
| VLOGPT-631 |Error   |    4 |Reference to undefined macro.                                                                  |
|            |        |      |Error encountered during Verilog parsing. Make sure all paths of include files have been       |
|            |        |      | specified in the init_hdl_search_path attribute. Also, check whether you need to specify the  |
|            |        |      | -define option of the read_hdl command.                                                       |
| VLOGPT-650 |Warning |    5 |Cannot open file.                                                                              |
|            |        |      |The specified file could not be opened.  Check the value of the init_hdl_search_path           |
|            |        |      | attribute.                                                                                    |
------------------------------------------------------------------------------------------------------------------------------
Mapper: Libraries have:
	domain _default_: 324 combo usable cells and 128 sequential usable cells
Multi-threaded constant propagation [1|0] ...
Multi-threaded Virtual Mapping    (8 threads per ST process, 8 of 28 CPUs usable)
==================================
Stage : first_condense 
==================================
  =================
   Message Summary
  =================
---------------------------------------------------------------
|  Id  |Sev  |Count |              Message Text               |
---------------------------------------------------------------
| GB-6 |Info |    3 |A datapath component has been ungrouped. |
---------------------------------------------------------------
 
Global mapping target info
==========================
Cost Group 'default' target slack: Unconstrained


State Retention Synthesis Status
================================

Category                        Flops   Percentage
--------------------------------------------------
Total instances                   139        100.0
Excluded from State Retention     139        100.0
    - Will not convert            139        100.0
      - Preserved                   0          0.0
      - Power intent excluded     139        100.0
    - Could not convert             0          0.0
      - Scan type                   0          0.0
      - No suitable cell            0          0.0
State Retention instances           0          0.0
--------------------------------------------------

PBS_Generic_Opt-Post - Elapsed_Time 4, CPU_Time 3.8113829999999993
stamp 'PBS_Generic_Opt-Post' being created for table 'pbs_debug'

  Total Time (Wall) |  Stage Time (Wall)  |   % (Wall)   |    Date - Time     |  Memory   | Stage
--------------------+---------------------+--------------+--------------------+-----------+----------------------
 00:00:11(00:18:29) |  00:00:00(00:00:00) |   0.0(  0.0) |   16:58:41 (Jan09) |  443.7 MB | PBS_Generic-Start
--------------------+---------------------+--------------+--------------------+-----------+----------------------
 00:00:14(00:18:33) |  00:00:03(00:00:04) | 100.0(100.0) |   16:58:45 (Jan09) |  443.7 MB | PBS_Generic_Opt-Post
--------------------+---------------------+--------------+--------------------+-----------+----------------------
Number of threads: 8 * 1   (id: pbs_debug, time_info v1.57)
Info: (*N*) indicates data that was populated from previously saved time_info database
Info: CPU time includes time of parent + longest thread
PBS_Generic-Postgen HBO Optimizations - Elapsed_Time 0, CPU_Time 0.0
stamp 'PBS_Generic-Postgen HBO Optimizations' being created for table 'pbs_debug'

  Total Time (Wall) |  Stage Time (Wall)  |   % (Wall)   |    Date - Time     |  Memory   | Stage
--------------------+---------------------+--------------+--------------------+-----------+----------------------
 00:00:11(00:18:29) |  00:00:00(00:00:00) |   0.0(  0.0) |   16:58:41 (Jan09) |  443.7 MB | PBS_Generic-Start
--------------------+---------------------+--------------+--------------------+-----------+----------------------
 00:00:14(00:18:33) |  00:00:03(00:00:04) | 100.0(100.0) |   16:58:45 (Jan09) |  443.7 MB | PBS_Generic_Opt-Post
--------------------+---------------------+--------------+--------------------+-----------+----------------------
 00:00:14(00:18:33) |  00:00:00(00:00:00) |   0.0(  0.0) |   16:58:45 (Jan09) |  443.7 MB | PBS_Generic-Postgen HBO Optimizations
--------------------+---------------------+--------------+--------------------+-----------+----------------------
Number of threads: 8 * 1   (id: pbs_debug, time_info v1.57)
Info: (*N*) indicates data that was populated from previously saved time_info database
Info: CPU time includes time of parent + longest thread
##>=================== Cadence Confidential (Generic-Logical) ===================
##>=================== Cadence Confidential (Generic-Logical) ===================
##>Main Thread Summary:
##>----------------------------------------------------------------------------------------
##>STEP                           Elapsed       WNS       TNS     Insts      Area    Memory
##>----------------------------------------------------------------------------------------
##>G:Initial                            0         -         -      3244     24920       443
##>G:Setup                              0         -         -         -         -         -
##>G:Launch ST                          0         -         -         -         -         -
##>G:Design Partition                   0         -         -         -         -         -
##>G:Create Partition Netlists          0         -         -         -         -         -
##>G:Init Power                         0         -         -         -         -         -
##>G:Budgeting                          0         -         -         -         -         -
##>G:Derenv-DB                          0         -         -         -         -         -
##>G:Debug Outputs                      0         -         -         -         -         -
##>G:ST loading                         0         -         -         -         -         -
##>G:Distributed                        0         -         -         -         -         -
##>G:Timer                              0         -         -         -         -         -
##>G:Assembly                           0         -         -         -         -         -
##>G:DFT                                0         -         -         -         -         -
##>G:Const Prop                         0         -         -       630      7434       443
##>G:Misc                               4
##>----------------------------------------------------------------------------------------
##>Total Elapsed                        4
##>========================================================================================
Info    : Done synthesizing. [SYNTH-2]
        : Done synthesizing 'top_dut' to generic gates.
      flow.cputime  flow.realtime  timing.setup.tns  timing.setup.wns  snapshot
UM:*                                                                   syn_gen
@genus:root: 13> syn_map
##Generic Timing Info for library domain: _default_ typical gate delay: 127.0 ps std_slew: 15.5 ps std_load: 7.0 fF
Info    : Mapping. [SYNTH-4]
        : Mapping 'top_dut' using 'high' effort.
Mapper: Libraries have:
	domain _default_: 324 combo usable cells and 128 sequential usable cells
Configuring mapper costing (none)
TNS Restructuring config: no_value at stage: map applied.
PBS_TechMap-Start - Elapsed_Time 0, CPU_Time 0.0
stamp 'PBS_TechMap-Start' being created for table 'pbs_debug'

  Total Time (Wall) |  Stage Time (Wall)  |   % (Wall)   |    Date - Time     |  Memory   | Stage
--------------------+---------------------+--------------+--------------------+-----------+----------------------
 00:00:11(00:18:29) |  00:00:00(00:00:00) |   0.0(  0.0) |   16:58:41 (Jan09) |  443.7 MB | PBS_Generic-Start
--------------------+---------------------+--------------+--------------------+-----------+----------------------
 00:00:14(00:18:33) |  00:00:03(00:00:04) | 100.0( 20.0) |   16:58:45 (Jan09) |  443.7 MB | PBS_Generic_Opt-Post
--------------------+---------------------+--------------+--------------------+-----------+----------------------
 00:00:14(00:18:33) |  00:00:00(00:00:00) |   0.0(  0.0) |   16:58:45 (Jan09) |  443.7 MB | PBS_Generic-Postgen HBO Optimizations
--------------------+---------------------+--------------+--------------------+-----------+----------------------
 00:00:14(00:18:49) |  00:00:00(00:00:16) |   0.0( 80.0) |   16:59:01 (Jan09) |  793.1 MB | PBS_TechMap-Start
--------------------+---------------------+--------------+--------------------+-----------+----------------------
Number of threads: 8 * 1   (id: pbs_debug, time_info v1.57)
Info: (*N*) indicates data that was populated from previously saved time_info database
Info: CPU time includes time of parent + longest thread
PBS_TechMap-Premap HBO Optimizations - Elapsed_Time 0, CPU_Time 0.0
stamp 'PBS_TechMap-Premap HBO Optimizations' being created for table 'pbs_debug'

  Total Time (Wall) |  Stage Time (Wall)  |   % (Wall)   |    Date - Time     |  Memory   | Stage
--------------------+---------------------+--------------+--------------------+-----------+----------------------
 00:00:11(00:18:29) |  00:00:00(00:00:00) |   0.0(  0.0) |   16:58:41 (Jan09) |  443.7 MB | PBS_Generic-Start
--------------------+---------------------+--------------+--------------------+-----------+----------------------
 00:00:14(00:18:33) |  00:00:03(00:00:04) | 100.0( 20.0) |   16:58:45 (Jan09) |  443.7 MB | PBS_Generic_Opt-Post
--------------------+---------------------+--------------+--------------------+-----------+----------------------
 00:00:14(00:18:33) |  00:00:00(00:00:00) |   0.0(  0.0) |   16:58:45 (Jan09) |  443.7 MB | PBS_Generic-Postgen HBO Optimizations
--------------------+---------------------+--------------+--------------------+-----------+----------------------
 00:00:14(00:18:49) |  00:00:00(00:00:16) |   0.0( 80.0) |   16:59:01 (Jan09) |  793.1 MB | PBS_TechMap-Start
--------------------+---------------------+--------------+--------------------+-----------+----------------------
 00:00:14(00:18:49) |  00:00:00(00:00:00) |   0.0(  0.0) |   16:59:01 (Jan09) |  793.1 MB | PBS_TechMap-Premap HBO Optimizations
--------------------+---------------------+--------------+--------------------+-----------+----------------------
Number of threads: 8 * 1   (id: pbs_debug, time_info v1.57)
Info: (*N*) indicates data that was populated from previously saved time_info database
Info: CPU time includes time of parent + longest thread
Info    : Partition Based Synthesis execution skipped. [PHYS-752]
        : Design size is less than the partition size '100000' for distributed mapping optimization to kick in.
Mapper: Libraries have:
	domain _default_: 324 combo usable cells and 128 sequential usable cells
Multi-threaded Virtual Mapping    (8 threads per ST process, 8 of 28 CPUs usable)
 
Global mapping target info
==========================
Cost Group 'default' target slack: Unconstrained

Multi-threaded Technology Mapping (8 threads per ST process, 8 of 28 CPUs usable)
 
Global mapping status
=====================
                                    Worst 
                           Total  Weighted
Operation                   Area  Neg Slk Worst Path
 global_map                 4906        0  N/A

    Cost Group            Target    Slack    Diff.  Constr.
-----------------------------------------------------------
       default          unconst. unconst.              N.A. 

 
Global incremental target info
==============================
Cost Group 'default' target slack: Unconstrained

==================================
Stage : global_incr_map 
==================================
  =================
   Message Summary
  =================
-------------------------------------------------------------------------
|    Id    |Sev  |Count |                 Message Text                  |
-------------------------------------------------------------------------
| PA-7     |Info |   12 |Resetting power analysis results.              |
|          |     |      |All computed switching activities are removed. |
| PHYS-752 |Info |    1 |Partition Based Synthesis execution skipped.   |
| SYNTH-2  |Info |    1 |Done synthesizing.                             |
| SYNTH-4  |Info |    1 |Mapping.                                       |
-------------------------------------------------------------------------
 
Global incremental optimization status
======================================
                                    Worst 
                           Total  Weighted
Operation                   Area  Neg Slk Worst Path
 global_incr                4896        0  N/A

    Cost Group            Target    Slack    Diff.  Constr.
-----------------------------------------------------------
       default          unconst. unconst.              N.A. 


State Retention Synthesis Status
================================

Category                        Flops   Percentage
--------------------------------------------------
Total instances                   139        100.0
Excluded from State Retention     139        100.0
    - Will not convert            139        100.0
      - Preserved                   0          0.0
      - Power intent excluded     139        100.0
    - Could not convert             0          0.0
      - Scan type                   0          0.0
      - No suitable cell            0          0.0
State Retention instances           0          0.0
--------------------------------------------------

INFO: skipping constant propagation
PBS_Techmap-Global Mapping - Elapsed_Time 1, CPU_Time 1.5392880000000027
stamp 'PBS_Techmap-Global Mapping' being created for table 'pbs_debug'

  Total Time (Wall) |  Stage Time (Wall)  |   % (Wall)   |    Date - Time     |  Memory   | Stage
--------------------+---------------------+--------------+--------------------+-----------+----------------------
 00:00:11(00:18:29) |  00:00:00(00:00:00) |   0.0(  0.0) |   16:58:41 (Jan09) |  443.7 MB | PBS_Generic-Start
--------------------+---------------------+--------------+--------------------+-----------+----------------------
 00:00:14(00:18:33) |  00:00:03(00:00:04) |  71.2( 19.0) |   16:58:45 (Jan09) |  443.7 MB | PBS_Generic_Opt-Post
--------------------+---------------------+--------------+--------------------+-----------+----------------------
 00:00:14(00:18:33) |  00:00:00(00:00:00) |   0.0(  0.0) |   16:58:45 (Jan09) |  443.7 MB | PBS_Generic-Postgen HBO Optimizations
--------------------+---------------------+--------------+--------------------+-----------+----------------------
 00:00:14(00:18:49) |  00:00:00(00:00:16) |   0.0( 76.2) |   16:59:01 (Jan09) |  793.1 MB | PBS_TechMap-Start
--------------------+---------------------+--------------+--------------------+-----------+----------------------
 00:00:14(00:18:49) |  00:00:00(00:00:00) |   0.0(  0.0) |   16:59:01 (Jan09) |  793.1 MB | PBS_TechMap-Premap HBO Optimizations
--------------------+---------------------+--------------+--------------------+-----------+----------------------
 00:00:16(00:18:50) |  00:00:01(00:00:01) |  28.8(  4.8) |   16:59:02 (Jan09) |  793.1 MB | PBS_Techmap-Global Mapping
--------------------+---------------------+--------------+--------------------+-----------+----------------------
Number of threads: 8 * 1   (id: pbs_debug, time_info v1.57)
Info: (*N*) indicates data that was populated from previously saved time_info database
Info: CPU time includes time of parent + longest thread
Warning : Command 'commit_power_intent' cannot proceed as there is no power intent loaded. [CPI-506]
        : Command 'commit_power_intent' requires a valid power_intent to be loaded.
Info    : Wrote formal verification information. [CFM-5]
        : Wrote 'fv/top_dut/fv_map.fv.json' for netlist 'fv/top_dut/fv_map.v.gz'.
Info    : Wrote dofile. [CFM-1]
        : Dofile is 'fv/top_dut/rtl_to_fv_map.do'.
        : Alias mapping flow is enabled.
PBS_TechMap-Datapath Postmap Operations - Elapsed_Time 0, CPU_Time 0.0
stamp 'PBS_TechMap-Datapath Postmap Operations' being created for table 'pbs_debug'

  Total Time (Wall) |  Stage Time (Wall)  |   % (Wall)   |    Date - Time     |  Memory   | Stage
--------------------+---------------------+--------------+--------------------+-----------+----------------------
 00:00:11(00:18:29) |  00:00:00(00:00:00) |   0.0(  0.0) |   16:58:41 (Jan09) |  443.7 MB | PBS_Generic-Start
--------------------+---------------------+--------------+--------------------+-----------+----------------------
 00:00:14(00:18:33) |  00:00:03(00:00:04) |  71.2( 19.0) |   16:58:45 (Jan09) |  443.7 MB | PBS_Generic_Opt-Post
--------------------+---------------------+--------------+--------------------+-----------+----------------------
 00:00:14(00:18:33) |  00:00:00(00:00:00) |   0.0(  0.0) |   16:58:45 (Jan09) |  443.7 MB | PBS_Generic-Postgen HBO Optimizations
--------------------+---------------------+--------------+--------------------+-----------+----------------------
 00:00:14(00:18:49) |  00:00:00(00:00:16) |   0.0( 76.2) |   16:59:01 (Jan09) |  793.1 MB | PBS_TechMap-Start
--------------------+---------------------+--------------+--------------------+-----------+----------------------
 00:00:14(00:18:49) |  00:00:00(00:00:00) |   0.0(  0.0) |   16:59:01 (Jan09) |  793.1 MB | PBS_TechMap-Premap HBO Optimizations
--------------------+---------------------+--------------+--------------------+-----------+----------------------
 00:00:16(00:18:50) |  00:00:01(00:00:01) |  28.8(  4.8) |   16:59:02 (Jan09) |  793.1 MB | PBS_Techmap-Global Mapping
--------------------+---------------------+--------------+--------------------+-----------+----------------------
 00:00:16(00:18:50) |  00:00:00(00:00:00) |   0.0(  0.0) |   16:59:02 (Jan09) |  793.1 MB | PBS_TechMap-Datapath Postmap Operations
--------------------+---------------------+--------------+--------------------+-----------+----------------------
Number of threads: 8 * 1   (id: pbs_debug, time_info v1.57)
Info: (*N*) indicates data that was populated from previously saved time_info database
Info: CPU time includes time of parent + longest thread
PBS_TechMap-Postmap HBO Optimizations - Elapsed_Time 0, CPU_Time -0.0015880000000016992
stamp 'PBS_TechMap-Postmap HBO Optimizations' being created for table 'pbs_debug'

  Total Time (Wall) |  Stage Time (Wall)  |   % (Wall)   |    Date - Time     |  Memory   | Stage
--------------------+---------------------+--------------+--------------------+-----------+----------------------
 00:00:11(00:18:29) |  00:00:00(00:00:00) |   0.0(  0.0) |   16:58:41 (Jan09) |  443.7 MB | PBS_Generic-Start
--------------------+---------------------+--------------+--------------------+-----------+----------------------
 00:00:14(00:18:33) |  00:00:03(00:00:04) |  71.3( 19.0) |   16:58:45 (Jan09) |  443.7 MB | PBS_Generic_Opt-Post
--------------------+---------------------+--------------+--------------------+-----------+----------------------
 00:00:14(00:18:33) |  00:00:00(00:00:00) |   0.0(  0.0) |   16:58:45 (Jan09) |  443.7 MB | PBS_Generic-Postgen HBO Optimizations
--------------------+---------------------+--------------+--------------------+-----------+----------------------
 00:00:14(00:18:49) |  00:00:00(00:00:16) |   0.0( 76.2) |   16:59:01 (Jan09) |  793.1 MB | PBS_TechMap-Start
--------------------+---------------------+--------------+--------------------+-----------+----------------------
 00:00:14(00:18:49) |  00:00:00(00:00:00) |   0.0(  0.0) |   16:59:01 (Jan09) |  793.1 MB | PBS_TechMap-Premap HBO Optimizations
--------------------+---------------------+--------------+--------------------+-----------+----------------------
 00:00:16(00:18:50) |  00:00:01(00:00:01) |  28.8(  4.8) |   16:59:02 (Jan09) |  793.1 MB | PBS_Techmap-Global Mapping
--------------------+---------------------+--------------+--------------------+-----------+----------------------
 00:00:16(00:18:50) |  00:00:00(00:00:00) |   0.0(  0.0) |   16:59:02 (Jan09) |  793.1 MB | PBS_TechMap-Datapath Postmap Operations
--------------------+---------------------+--------------+--------------------+-----------+----------------------
 00:00:16(00:18:50) |  00:00:00(00:00:00) |  -0.0(  0.0) |   16:59:02 (Jan09) |  793.1 MB | PBS_TechMap-Postmap HBO Optimizations
--------------------+---------------------+--------------+--------------------+-----------+----------------------
Number of threads: 8 * 1   (id: pbs_debug, time_info v1.57)
Info: (*N*) indicates data that was populated from previously saved time_info database
Info: CPU time includes time of parent + longest thread
 Doing ConstProp on design:top_dut ... 

Time taken by ConstProp Step: 00:00:00
PBS_TechMap-Postmap Clock Gating - Elapsed_Time 0, CPU_Time 0.0
stamp 'PBS_TechMap-Postmap Clock Gating' being created for table 'pbs_debug'

  Total Time (Wall) |  Stage Time (Wall)  |   % (Wall)   |    Date - Time     |  Memory   | Stage
--------------------+---------------------+--------------+--------------------+-----------+----------------------
 00:00:11(00:18:29) |  00:00:00(00:00:00) |   0.0(  0.0) |   16:58:41 (Jan09) |  443.7 MB | PBS_Generic-Start
--------------------+---------------------+--------------+--------------------+-----------+----------------------
 00:00:14(00:18:33) |  00:00:03(00:00:04) |  71.3( 19.0) |   16:58:45 (Jan09) |  443.7 MB | PBS_Generic_Opt-Post
--------------------+---------------------+--------------+--------------------+-----------+----------------------
 00:00:14(00:18:33) |  00:00:00(00:00:00) |   0.0(  0.0) |   16:58:45 (Jan09) |  443.7 MB | PBS_Generic-Postgen HBO Optimizations
--------------------+---------------------+--------------+--------------------+-----------+----------------------
 00:00:14(00:18:49) |  00:00:00(00:00:16) |   0.0( 76.2) |   16:59:01 (Jan09) |  793.1 MB | PBS_TechMap-Start
--------------------+---------------------+--------------+--------------------+-----------+----------------------
 00:00:14(00:18:49) |  00:00:00(00:00:00) |   0.0(  0.0) |   16:59:01 (Jan09) |  793.1 MB | PBS_TechMap-Premap HBO Optimizations
--------------------+---------------------+--------------+--------------------+-----------+----------------------
 00:00:16(00:18:50) |  00:00:01(00:00:01) |  28.8(  4.8) |   16:59:02 (Jan09) |  793.1 MB | PBS_Techmap-Global Mapping
--------------------+---------------------+--------------+--------------------+-----------+----------------------
 00:00:16(00:18:50) |  00:00:00(00:00:00) |   0.0(  0.0) |   16:59:02 (Jan09) |  793.1 MB | PBS_TechMap-Datapath Postmap Operations
--------------------+---------------------+--------------+--------------------+-----------+----------------------
 00:00:16(00:18:50) |  00:00:00(00:00:00) |  -0.0(  0.0) |   16:59:02 (Jan09) |  793.1 MB | PBS_TechMap-Postmap HBO Optimizations
--------------------+---------------------+--------------+--------------------+-----------+----------------------
 00:00:16(00:18:50) |  00:00:00(00:00:00) |   0.0(  0.0) |   16:59:02 (Jan09) |  793.1 MB | PBS_TechMap-Postmap Clock Gating
--------------------+---------------------+--------------+--------------------+-----------+----------------------
Number of threads: 8 * 1   (id: pbs_debug, time_info v1.57)
Info: (*N*) indicates data that was populated from previously saved time_info database
Info: CPU time includes time of parent + longest thread
-------------------------------------------------------------------------------
 hi_fo_buf                  4896        0         0         0

           Trick     Calls     Accepts   Attempts    Time(secs) 
-----------------------------------------------------------
       hi_fo_buf         0  (        0 /        0 )  0.00

 
Incremental optimization status
===============================
                                    Worst     Total DRC Total
                           Total  Weighted     Neg       Max 
Operation                   Area  Neg Slk     Slack      Cap 
 init_delay                 4896        0         0         0

           Trick     Calls     Accepts   Attempts    Time(secs) 
-----------------------------------------------------------
       crit_upsz         0  (        0 /        0 )  0.00
    plc_bal_star         0  (        0 /        0 )  0.00
     drc_buftimb         0  (        0 /        0 )  0.00
          plc_st         0  (        0 /        0 )  0.00
    plc_st_fence         0  (        0 /        0 )  0.00
        plc_star         0  (        0 /        0 )  0.00
      plc_laf_st         0  (        0 /        0 )  0.00
 plc_laf_st_fence         0  (        0 /        0 )  0.00
     drc_buftims         0  (        0 /        0 )  0.00
            fopt         0  (        0 /        0 )  0.00
   plc_laf_lo_st         0  (        0 /        0 )  0.00
       plc_lo_st         0  (        0 /        0 )  0.00
        mb_split         0  (        0 /        0 )  0.00

 
Local TNS optimization status
=============================
                                    Worst     Total DRC Total
                           Total  Weighted     Neg       Max 
Operation                   Area  Neg Slk     Slack      Cap 
 init_tns                   4896        0         0         0

           Trick     Calls     Accepts   Attempts    Time(secs) 
-----------------------------------------------------------
    plc_bal_star         0  (        0 /        0 )  0.00
     drc_buftimb         0  (        0 /        0 )  0.00
     drc_buftims         0  (        0 /        0 )  0.00
       crit_upsz         0  (        0 /        0 )  0.00
   plc_laf_lo_st         0  (        0 /        0 )  0.00
       plc_lo_st         0  (        0 /        0 )  0.00
            fopt         0  (        0 /        0 )  0.00
       crit_dnsz         0  (        0 /        0 )  0.00
             dup         0  (        0 /        0 )  0.00
        setup_dn         0  (        0 /        0 )  0.00
        mb_split         0  (        0 /        0 )  0.00

PBS_TechMap-Postmap Cleanup - Elapsed_Time 0, CPU_Time -0.0016439999999988686
stamp 'PBS_TechMap-Postmap Cleanup' being created for table 'pbs_debug'

  Total Time (Wall) |  Stage Time (Wall)  |   % (Wall)   |    Date - Time     |  Memory   | Stage
--------------------+---------------------+--------------+--------------------+-----------+----------------------
 00:00:11(00:18:29) |  00:00:00(00:00:00) |   0.0(  0.0) |   16:58:41 (Jan09) |  443.7 MB | PBS_Generic-Start
--------------------+---------------------+--------------+--------------------+-----------+----------------------
 00:00:14(00:18:33) |  00:00:03(00:00:04) |  71.3( 19.0) |   16:58:45 (Jan09) |  443.7 MB | PBS_Generic_Opt-Post
--------------------+---------------------+--------------+--------------------+-----------+----------------------
 00:00:14(00:18:33) |  00:00:00(00:00:00) |   0.0(  0.0) |   16:58:45 (Jan09) |  443.7 MB | PBS_Generic-Postgen HBO Optimizations
--------------------+---------------------+--------------+--------------------+-----------+----------------------
 00:00:14(00:18:49) |  00:00:00(00:00:16) |   0.0( 76.2) |   16:59:01 (Jan09) |  793.1 MB | PBS_TechMap-Start
--------------------+---------------------+--------------+--------------------+-----------+----------------------
 00:00:14(00:18:49) |  00:00:00(00:00:00) |   0.0(  0.0) |   16:59:01 (Jan09) |  793.1 MB | PBS_TechMap-Premap HBO Optimizations
--------------------+---------------------+--------------+--------------------+-----------+----------------------
 00:00:16(00:18:50) |  00:00:01(00:00:01) |  28.8(  4.8) |   16:59:02 (Jan09) |  793.1 MB | PBS_Techmap-Global Mapping
--------------------+---------------------+--------------+--------------------+-----------+----------------------
 00:00:16(00:18:50) |  00:00:00(00:00:00) |   0.0(  0.0) |   16:59:02 (Jan09) |  793.1 MB | PBS_TechMap-Datapath Postmap Operations
--------------------+---------------------+--------------+--------------------+-----------+----------------------
 00:00:16(00:18:50) |  00:00:00(00:00:00) |  -0.0(  0.0) |   16:59:02 (Jan09) |  793.1 MB | PBS_TechMap-Postmap HBO Optimizations
--------------------+---------------------+--------------+--------------------+-----------+----------------------
 00:00:16(00:18:50) |  00:00:00(00:00:00) |   0.0(  0.0) |   16:59:02 (Jan09) |  793.1 MB | PBS_TechMap-Postmap Clock Gating
--------------------+---------------------+--------------+--------------------+-----------+----------------------
 00:00:16(00:18:50) |  00:00:00(00:00:00) |  -0.0(  0.0) |   16:59:02 (Jan09) |  793.1 MB | PBS_TechMap-Postmap Cleanup
--------------------+---------------------+--------------+--------------------+-----------+----------------------
Number of threads: 8 * 1   (id: pbs_debug, time_info v1.57)
Info: (*N*) indicates data that was populated from previously saved time_info database
Info: CPU time includes time of parent + longest thread
PBS_Techmap-Post_MBCI - Elapsed_Time 0, CPU_Time 0.0
stamp 'PBS_Techmap-Post_MBCI' being created for table 'pbs_debug'

  Total Time (Wall) |  Stage Time (Wall)  |   % (Wall)   |    Date - Time     |  Memory   | Stage
--------------------+---------------------+--------------+--------------------+-----------+----------------------
 00:00:11(00:18:29) |  00:00:00(00:00:00) |   0.0(  0.0) |   16:58:41 (Jan09) |  443.7 MB | PBS_Generic-Start
--------------------+---------------------+--------------+--------------------+-----------+----------------------
 00:00:14(00:18:33) |  00:00:03(00:00:04) |  71.3( 19.0) |   16:58:45 (Jan09) |  443.7 MB | PBS_Generic_Opt-Post
--------------------+---------------------+--------------+--------------------+-----------+----------------------
 00:00:14(00:18:33) |  00:00:00(00:00:00) |   0.0(  0.0) |   16:58:45 (Jan09) |  443.7 MB | PBS_Generic-Postgen HBO Optimizations
--------------------+---------------------+--------------+--------------------+-----------+----------------------
 00:00:14(00:18:49) |  00:00:00(00:00:16) |   0.0( 76.2) |   16:59:01 (Jan09) |  793.1 MB | PBS_TechMap-Start
--------------------+---------------------+--------------+--------------------+-----------+----------------------
 00:00:14(00:18:49) |  00:00:00(00:00:00) |   0.0(  0.0) |   16:59:01 (Jan09) |  793.1 MB | PBS_TechMap-Premap HBO Optimizations
--------------------+---------------------+--------------+--------------------+-----------+----------------------
 00:00:16(00:18:50) |  00:00:01(00:00:01) |  28.8(  4.8) |   16:59:02 (Jan09) |  793.1 MB | PBS_Techmap-Global Mapping
--------------------+---------------------+--------------+--------------------+-----------+----------------------
 00:00:16(00:18:50) |  00:00:00(00:00:00) |   0.0(  0.0) |   16:59:02 (Jan09) |  793.1 MB | PBS_TechMap-Datapath Postmap Operations
--------------------+---------------------+--------------+--------------------+-----------+----------------------
 00:00:16(00:18:50) |  00:00:00(00:00:00) |  -0.0(  0.0) |   16:59:02 (Jan09) |  793.1 MB | PBS_TechMap-Postmap HBO Optimizations
--------------------+---------------------+--------------+--------------------+-----------+----------------------
 00:00:16(00:18:50) |  00:00:00(00:00:00) |   0.0(  0.0) |   16:59:02 (Jan09) |  793.1 MB | PBS_TechMap-Postmap Clock Gating
--------------------+---------------------+--------------+--------------------+-----------+----------------------
 00:00:16(00:18:50) |  00:00:00(00:00:00) |  -0.0(  0.0) |   16:59:02 (Jan09) |  793.1 MB | PBS_TechMap-Postmap Cleanup
--------------------+---------------------+--------------+--------------------+-----------+----------------------
 00:00:16(00:18:50) |  00:00:00(00:00:00) |   0.0(  0.0) |   16:59:02 (Jan09) |  793.1 MB | PBS_Techmap-Post_MBCI
--------------------+---------------------+--------------+--------------------+-----------+----------------------
Number of threads: 8 * 1   (id: pbs_debug, time_info v1.57)
Info: (*N*) indicates data that was populated from previously saved time_info database
Info: CPU time includes time of parent + longest thread
##>=================== Cadence Confidential (Mapping-Logical) ===================
##>Main Thread Summary:
##>----------------------------------------------------------------------------------------
##>STEP                           Elapsed       WNS       TNS     Insts      Area    Memory
##>----------------------------------------------------------------------------------------
##>M:Initial                            0         -         -       630      7434       793
##>M:Pre Cleanup                        0         -         -       630      7434       793
##>M:Setup                              0         -         -         -         -         -
##>M:Launch ST                          0         -         -         -         -         -
##>M:Design Partition                   0         -         -         -         -         -
##>M:Create Partition Netlists          0         -         -         -         -         -
##>M:Init Power                         0         -         -         -         -         -
##>M:Budgeting                          0         -         -         -         -         -
##>M:Derenv-DB                          0         -         -         -         -         -
##>M:Debug Outputs                      0         -         -         -         -         -
##>M:ST loading                         0         -         -         -         -         -
##>M:Distributed                        0         -         -         -         -         -
##>M:Timer                              0         -         -         -         -         -
##>M:Assembly                           0         -         -         -         -         -
##>M:DFT                                0         -         -         -         -         -
##>M:DP Operations                      0         -         -       539      4895       793
##>M:Const Prop                         0         -         0       539      4895       793
##>M:Cleanup                            0         -         0       539      4895       793
##>M:MBCI                               0         -         -       539      4895       793
##>M:Const Gate Removal                 0         -         -         -         -         -
##>M:Misc                               1
##>----------------------------------------------------------------------------------------
##>Total Elapsed                        1
##>========================================================================================
Info    : Done mapping. [SYNTH-5]
        : Done mapping 'top_dut'.
      flow.cputime  flow.realtime  timing.setup.tns  timing.setup.wns  snapshot
UM:*                                                                   syn_map
@genus:root: 14> syn_opt
Info    : Incrementally optimizing. [SYNTH-7]
        : Incrementally optimizing 'top_dut' using 'high' effort.
 
Incremental optimization status
===============================
                                    Worst     Total DRC Total
                           Total  Weighted     Neg       Max 
Operation                   Area  Neg Slk     Slack      Cap 
 init_iopt                  4896        0         0         0
-------------------------------------------------------------------------------
 const_prop                 4896        0         0         0
-------------------------------------------------------------------------------
 hi_fo_buf                  4896        0         0         0

           Trick     Calls     Accepts   Attempts    Time(secs) 
-----------------------------------------------------------
       hi_fo_buf         0  (        0 /        0 )  0.00

 
Incremental optimization status
===============================
                                    Worst     Total DRC Total
                           Total  Weighted     Neg       Max 
Operation                   Area  Neg Slk     Slack      Cap 
 init_delay                 4896        0         0         0

           Trick     Calls     Accepts   Attempts    Time(secs) 
-----------------------------------------------------------
        crit_msz         0  (        0 /        0 )  0.00
       crit_upsz         0  (        0 /        0 )  0.00
       crit_slew         0  (        0 /        0 )  0.00
        setup_dn         0  (        0 /        0 )  0.00
    plc_bal_star         0  (        0 /        0 )  0.00
     drc_buftimb         0  (        0 /        0 )  0.00
          plc_st         0  (        0 /        0 )  0.00
    plc_st_fence         0  (        0 /        0 )  0.00
        plc_star         0  (        0 /        0 )  0.00
      plc_laf_st         0  (        0 /        0 )  0.00
 plc_laf_st_fence         0  (        0 /        0 )  0.00
     drc_buftims         0  (        0 /        0 )  0.00
   plc_laf_lo_st         0  (        0 /        0 )  0.00
       plc_lo_st         0  (        0 /        0 )  0.00
            fopt         0  (        0 /        0 )  0.00
       crit_swap         0  (        0 /        0 )  0.00
       mux2_swap         0  (        0 /        0 )  0.00
       crit_dnsz         0  (        0 /        0 )  0.00
       load_swap         0  (        0 /        0 )  0.00
            fopt         0  (        0 /        0 )  0.00
        setup_dn         0  (        0 /        0 )  0.00
       load_isol         0  (        0 /        0 )  0.00
       load_isol         0  (        0 /        0 )  0.00
        move_for         0  (        0 /        0 )  0.00
        move_for         0  (        0 /        0 )  0.00
          rem_bi         0  (        0 /        0 )  0.00
         offload         0  (        0 /        0 )  0.00
          rem_bi         0  (        0 /        0 )  0.00
         offload         0  (        0 /        0 )  0.00
           phase         0  (        0 /        0 )  0.00
        in_phase         0  (        0 /        0 )  0.00
       merge_bit         0  (        0 /        0 )  0.00
     merge_idrvr         0  (        0 /        0 )  0.00
     merge_iload         0  (        0 /        0 )  0.00
    merge_idload         0  (        0 /        0 )  0.00
      merge_drvr         0  (        0 /        0 )  0.00
      merge_load         0  (        0 /        0 )  0.00
          decomp         0  (        0 /        0 )  0.00
        p_decomp         0  (        0 /        0 )  0.00
        levelize         0  (        0 /        0 )  0.00
        mb_split         0  (        0 /        0 )  0.00
             dup         0  (        0 /        0 )  0.00
      mux_retime         0  (        0 /        0 )  0.00
         buf2inv         0  (        0 /        0 )  0.00
             exp         0  (        0 /        0 )  0.00
       gate_deco         0  (        0 /        0 )  0.00
       gcomp_tim         0  (        0 /        0 )  0.00
  inv_pair_2_buf         0  (        0 /        0 )  0.00


           Trick     Calls     Accepts   Attempts    Time(secs) 
-----------------------------------------------------------
         crr_220         0  (        0 /        0 )  0.00
        crr_glob         0  (        0 /        0 )  0.00
         crr_200         0  (        0 /        0 )  0.00
        crr_glob         0  (        0 /        0 )  0.00
         crr_300         0  (        0 /        0 )  0.00
        crr_glob         0  (        0 /        0 )  0.00
         crr_400         0  (        0 /        0 )  0.00
        crr_glob         0  (        0 /        0 )  0.00
         crr_111         0  (        0 /        0 )  0.00
        crr_glob         0  (        0 /        0 )  0.00
         crr_210         0  (        0 /        0 )  0.00
        crr_glob         0  (        0 /        0 )  0.00
         crr_110         0  (        0 /        0 )  0.00
        crr_glob         0  (        0 /        0 )  0.00
         crr_101         0  (        0 /        0 )  0.00
        crr_glob         0  (        0 /        0 )  0.00
         crr_201         0  (        0 /        0 )  0.00
        crr_glob         0  (        0 /        0 )  0.00
         crr_211         0  (        0 /        0 )  0.00
        crr_glob         0  (        0 /        0 )  0.00
        crit_msz         0  (        0 /        0 )  0.00
       crit_upsz         0  (        0 /        0 )  0.00
       crit_slew         0  (        0 /        0 )  0.00
        setup_dn         0  (        0 /        0 )  0.00
    plc_bal_star         0  (        0 /        0 )  0.00
     drc_buftimb         0  (        0 /        0 )  0.00
          plc_st         0  (        0 /        0 )  0.00
    plc_st_fence         0  (        0 /        0 )  0.00
        plc_star         0  (        0 /        0 )  0.00
      plc_laf_st         0  (        0 /        0 )  0.00
 plc_laf_st_fence         0  (        0 /        0 )  0.00
     drc_buftims         0  (        0 /        0 )  0.00
       plc_lo_st         0  (        0 /        0 )  0.00
            fopt         0  (        0 /        0 )  0.00
       crit_swap         0  (        0 /        0 )  0.00
       mux2_swap         0  (        0 /        0 )  0.00
       crit_dnsz         0  (        0 /        0 )  0.00
       load_swap         0  (        0 /        0 )  0.00
            fopt         0  (        0 /        0 )  0.00
        setup_dn         0  (        0 /        0 )  0.00
       load_isol         0  (        0 /        0 )  0.00
       load_isol         0  (        0 /        0 )  0.00
        move_for         0  (        0 /        0 )  0.00
        move_for         0  (        0 /        0 )  0.00
          rem_bi         0  (        0 /        0 )  0.00
         offload         0  (        0 /        0 )  0.00
          rem_bi         0  (        0 /        0 )  0.00
         offload         0  (        0 /        0 )  0.00
       merge_bit         0  (        0 /        0 )  0.00
     merge_idrvr         0  (        0 /        0 )  0.00
     merge_iload         0  (        0 /        0 )  0.00
    merge_idload         0  (        0 /        0 )  0.00
      merge_drvr         0  (        0 /        0 )  0.00
      merge_load         0  (        0 /        0 )  0.00
           phase         0  (        0 /        0 )  0.00
          decomp         0  (        0 /        0 )  0.00
        p_decomp         0  (        0 /        0 )  0.00
        levelize         0  (        0 /        0 )  0.00
        mb_split         0  (        0 /        0 )  0.00
        in_phase         0  (        0 /        0 )  0.00
             dup         0  (        0 /        0 )  0.00
      mux_retime         0  (        0 /        0 )  0.00
         buf2inv         0  (        0 /        0 )  0.00
             exp         0  (        0 /        0 )  0.00
       gate_deco         0  (        0 /        0 )  0.00
       gcomp_tim         0  (        0 /        0 )  0.00
  inv_pair_2_buf         0  (        0 /        0 )  0.00
 init_drc                   4896        0         0         0

           Trick     Calls     Accepts   Attempts    Time(secs) 
-----------------------------------------------------------
          plc_st         0  (        0 /        0 )  0.00
        plc_star         0  (        0 /        0 )  0.00
        drc_bufs         0  (        0 /        0 )  0.00
        drc_fopt         0  (        0 /        0 )  0.00
        drc_bufb         0  (        0 /        0 )  0.00
      simple_buf         0  (        0 /        0 )  0.00
             dup         0  (        0 /        0 )  0.00
       crit_dnsz         0  (        0 /        0 )  0.00
       crit_upsz         0  (        0 /        0 )  0.00
       crit_slew         0  (        0 /        0 )  0.00


           Trick     Calls     Accepts   Attempts    Time(secs) 
-----------------------------------------------------------
          plc_st         0  (        0 /        0 )  0.00
        plc_star         0  (        0 /        0 )  0.00
      drc_buf_sp         0  (        0 /        0 )  0.00
        drc_bufs         0  (        0 /        0 )  0.00
        drc_fopt         0  (        0 /        0 )  0.00
        drc_bufb         0  (        0 /        0 )  0.00
      simple_buf         0  (        0 /        0 )  0.00
             dup         0  (        0 /        0 )  0.00
       crit_dnsz         0  (        0 /        0 )  0.00
       crit_upsz         0  (        0 /        0 )  0.00


           Trick     Calls     Accepts   Attempts    Time(secs) 
-----------------------------------------------------------
          plc_st         0  (        0 /        0 )  0.00
        plc_star         0  (        0 /        0 )  0.00
      drc_buf_sp         0  (        0 /        0 )  0.00
        drc_bufs         0  (        0 /        0 )  0.00
        drc_fopt         0  (        0 /        0 )  0.00
        drc_bufb         0  (        0 /        0 )  0.00
             dup         0  (        0 /        0 )  0.00
       crit_dnsz         0  (        0 /        0 )  0.00
       crit_upsz         0  (        0 /        0 )  0.00

 init_tns                   4896        0         0         0

           Trick     Calls     Accepts   Attempts    Time(secs) 
-----------------------------------------------------------
            fopt         0  (        0 /        0 )  0.00
    plc_bal_star         0  (        0 /        0 )  0.00
     drc_buftimb         0  (        0 /        0 )  0.00
     drc_buftims         0  (        0 /        0 )  0.00
        crit_msz         0  (        0 /        0 )  0.00
       crit_upsz         0  (        0 /        0 )  0.00
   plc_laf_lo_st         0  (        0 /        0 )  0.00
       plc_lo_st         0  (        0 /        0 )  0.00
       crit_swap         0  (        0 /        0 )  0.00
       mux2_swap         0  (        0 /        0 )  0.00
       crit_dnsz         0  (        0 /        0 )  0.00
       load_swap         0  (        0 /        0 )  0.00
            fopt         0  (        0 /        0 )  0.00
        setup_dn         0  (        0 /        0 )  0.00
       load_isol         0  (        0 /        0 )  0.00
       load_isol         0  (        0 /        0 )  0.00
        move_for         0  (        0 /        0 )  0.00
        move_for         0  (        0 /        0 )  0.00
          rem_bi         0  (        0 /        0 )  0.00
         offload         0  (        0 /        0 )  0.00
          rem_bi         0  (        0 /        0 )  0.00
         offload         0  (        0 /        0 )  0.00
       merge_bit         0  (        0 /        0 )  0.00
     merge_idrvr         0  (        0 /        0 )  0.00
     merge_iload         0  (        0 /        0 )  0.00
    merge_idload         0  (        0 /        0 )  0.00
      merge_drvr         0  (        0 /        0 )  0.00
      merge_load         0  (        0 /        0 )  0.00
           phase         0  (        0 /        0 )  0.00
          decomp         0  (        0 /        0 )  0.00
        p_decomp         0  (        0 /        0 )  0.00
        levelize         0  (        0 /        0 )  0.00
        mb_split         0  (        0 /        0 )  0.00
             dup         0  (        0 /        0 )  0.00
      mux_retime         0  (        0 /        0 )  0.00
       crr_local         0  (        0 /        0 )  0.00
         buf2inv         0  (        0 /        0 )  0.00

 init_area                  4896        0         0         0

           Trick     Calls     Accepts   Attempts    Time(secs) 
-----------------------------------------------------------
           undup         0  (        0 /        0 )  0.00
         rem_buf         0  (        0 /        0 )  0.00
         rem_inv         0  (        0 /        0 )  0.00
        merge_bi         0  (        0 /        0 )  0.00
      rem_inv_qb         0  (        0 /        0 )  0.00
    seq_res_area         8  (        0 /        0 )  0.31
        io_phase         0  (        0 /        0 )  0.00
       gate_comp         0  (        0 /        0 )  0.01
       gcomp_mog         0  (        0 /        0 )  0.00
       glob_area        35  (        0 /       35 )  0.00
       area_down         0  (        0 /        0 )  0.00
      size_n_buf         0  (        0 /        0 )  0.00
  gate_deco_area         0  (        0 /        0 )  0.00
         rem_buf         0  (        0 /        0 )  0.00
         rem_inv         0  (        0 /        0 )  0.00
        merge_bi         0  (        0 /        0 )  0.00
      rem_inv_qb         0  (        0 /        0 )  0.00

 
Incremental optimization status
===============================
                                    Worst     Total DRC Total
                           Total  Weighted     Neg       Max 
Operation                   Area  Neg Slk     Slack      Cap 
 init_delay                 4896        0         0         0

           Trick     Calls     Accepts   Attempts    Time(secs) 
-----------------------------------------------------------
        crit_msz         0  (        0 /        0 )  0.00
       crit_upsz         0  (        0 /        0 )  0.00
       crit_slew         0  (        0 /        0 )  0.00
        setup_dn         0  (        0 /        0 )  0.00
    plc_bal_star         0  (        0 /        0 )  0.00
     drc_buftimb         0  (        0 /        0 )  0.00
          plc_st         0  (        0 /        0 )  0.00
    plc_st_fence         0  (        0 /        0 )  0.00
        plc_star         0  (        0 /        0 )  0.00
      plc_laf_st         0  (        0 /        0 )  0.00
 plc_laf_st_fence         0  (        0 /        0 )  0.00
     drc_buftims         0  (        0 /        0 )  0.00
   plc_laf_lo_st         0  (        0 /        0 )  0.00
       plc_lo_st         0  (        0 /        0 )  0.00
            fopt         0  (        0 /        0 )  0.00
       crit_swap         0  (        0 /        0 )  0.00
       mux2_swap         0  (        0 /        0 )  0.00
       crit_dnsz         0  (        0 /        0 )  0.00
       load_swap         0  (        0 /        0 )  0.00
            fopt         0  (        0 /        0 )  0.00
        setup_dn         0  (        0 /        0 )  0.00
       load_isol         0  (        0 /        0 )  0.00
       load_isol         0  (        0 /        0 )  0.00
        move_for         0  (        0 /        0 )  0.00
        move_for         0  (        0 /        0 )  0.00
          rem_bi         0  (        0 /        0 )  0.00
         offload         0  (        0 /        0 )  0.00
          rem_bi         0  (        0 /        0 )  0.00
         offload         0  (        0 /        0 )  0.00
           phase         0  (        0 /        0 )  0.00
        in_phase         0  (        0 /        0 )  0.00
       merge_bit         0  (        0 /        0 )  0.00
     merge_idrvr         0  (        0 /        0 )  0.00
     merge_iload         0  (        0 /        0 )  0.00
    merge_idload         0  (        0 /        0 )  0.00
      merge_drvr         0  (        0 /        0 )  0.00
      merge_load         0  (        0 /        0 )  0.00
          decomp         0  (        0 /        0 )  0.00
        p_decomp         0  (        0 /        0 )  0.00
        levelize         0  (        0 /        0 )  0.00
        mb_split         0  (        0 /        0 )  0.00
             dup         0  (        0 /        0 )  0.00
      mux_retime         0  (        0 /        0 )  0.00
         buf2inv         0  (        0 /        0 )  0.00
             exp         0  (        0 /        0 )  0.00
       gate_deco         0  (        0 /        0 )  0.00
       gcomp_tim         0  (        0 /        0 )  0.00
  inv_pair_2_buf         0  (        0 /        0 )  0.00

 init_drc                   4896        0         0         0

           Trick     Calls     Accepts   Attempts    Time(secs) 
-----------------------------------------------------------
          plc_st         0  (        0 /        0 )  0.00
        plc_star         0  (        0 /        0 )  0.00
        drc_bufs         0  (        0 /        0 )  0.00
        drc_fopt         0  (        0 /        0 )  0.00
        drc_bufb         0  (        0 /        0 )  0.00
      simple_buf         0  (        0 /        0 )  0.00
             dup         0  (        0 /        0 )  0.00
       crit_dnsz         0  (        0 /        0 )  0.00
       crit_upsz         0  (        0 /        0 )  0.00
       crit_slew         0  (        0 /        0 )  0.00


           Trick     Calls     Accepts   Attempts    Time(secs) 
-----------------------------------------------------------
          plc_st         0  (        0 /        0 )  0.00
        plc_star         0  (        0 /        0 )  0.00
        drc_bufs         0  (        0 /        0 )  0.00
        drc_fopt         0  (        0 /        0 )  0.00
        drc_bufb         0  (        0 /        0 )  0.00
      simple_buf         0  (        0 /        0 )  0.00
             dup         0  (        0 /        0 )  0.00
       crit_dnsz         0  (        0 /        0 )  0.00
       crit_upsz         0  (        0 /        0 )  0.00


           Trick     Calls     Accepts   Attempts    Time(secs) 
-----------------------------------------------------------
          plc_st         0  (        0 /        0 )  0.00
        plc_star         0  (        0 /        0 )  0.00
        drc_bufs         0  (        0 /        0 )  0.00
        drc_fopt         0  (        0 /        0 )  0.00
        drc_bufb         0  (        0 /        0 )  0.00
             dup         0  (        0 /        0 )  0.00
       crit_dnsz         0  (        0 /        0 )  0.00
       crit_upsz         0  (        0 /        0 )  0.00

==================================
Stage : incr_opt 
==================================
  =================
   Message Summary
  =================
------------------------------------------------------------------------------------------------------------------------------
|   Id    |  Sev   |Count |                                          Message Text                                            |
------------------------------------------------------------------------------------------------------------------------------
| CFM-1   |Info    |    1 |Wrote dofile.                                                                                     |
| CFM-5   |Info    |    1 |Wrote formal verification information.                                                            |
| CPI-506 |Warning |    1 |Command 'commit_power_intent' cannot proceed as there is no power intent loaded.                  |
| GLO-51  |Info    |    2 |Hierarchical instance automatically ungrouped.                                                    |
|         |        |      |Hierarchical instances can be automatically ungrouped to allow for better area or timing          |
|         |        |      | optimization. To prevent this ungroup, set the root-level attribute 'auto_ungroup' to 'none'.    |
|         |        |      | You can also prevent individual ungroup with setting the attribute 'ungroup_ok' of instances or  |
|         |        |      | modules to 'false'.                                                                              |
| PA-7    |Info    |    4 |Resetting power analysis results.                                                                 |
|         |        |      |All computed switching activities are removed.                                                    |
| SYNTH-5 |Info    |    1 |Done mapping.                                                                                     |
| SYNTH-7 |Info    |    1 |Incrementally optimizing.                                                                         |
------------------------------------------------------------------------------------------------------------------------------
Info    : Done incrementally optimizing. [SYNTH-8]
        : Done incrementally optimizing 'top_dut'.
      flow.cputime  flow.realtime  timing.setup.tns  timing.setup.wns  snapshot
UM:*                                                                   syn_opt
@genus:root: 15> write_hdl > design_netlist.sv
@genus:root: 16> report timing > name.rpt
@genus:root: 17> report area > design_area.rpt
@genus:root: 18> report power > design_power.rpt
Warning: Library 'slow' found in multiple domains.
Info: Use -domain to uniquify.
Info: Selecting library 'slow' in domain '-1'
Info    : Joules engine is used. [RPT-16]
        : Joules engine is being used for the command report_power.
Info   : ACTP-0001 [ACTPInfo] Activity propagation started for stim#0 netlist
       : top_dut
Info   : ACTP-0009 [ACTPInfo] Activity Propagation Progress Report :   0%   1%   2%   3%   4%   5%   6%   7%   8%   9%  10%  11%  12%  13%  14%  15%  16%  17%  18%  19%  20%  21%  22%  23%  24%  25%  26%  27%  28%  29%  30%  31%  32%  33%  34%  35%  36%  37%  38%  39%  40%  41%  42%  43%  44%  45%  46%  47%  48%  49%  50%  51%  52%  53%  54%  55%  56%  57%  58%  59%  60%  61%  62%  63%  64%  65%  66%  67%  68%  69%  70%  71%  72%  73%  74%  75%  76%  77%  78%  79%  80%  81%  82%  83%  84%  85%  86%  87%  88%  89%  90%  91%  92%  93%  94%  95%  96%  97%  98%  99% 100%
Info   : ACTP-0001 Activity propagation ended for stim#0
Info   : PWRA-0001 [PwrInfo] compute_power effective options 
       : -mode : vectorless
       : -skip_propagation : 1
       : -frequency_scaling_factor : 1.0
       : -use_clock_freq : stim
       : -stim :/stim#0
       : -fromGenus : 1
Info   : ACTP-0001 Timing initialization started
Info   : ACTP-0001 Timing initialization ended
Info   : PWRA-0002 [PwrInfo] Skipping activity propagation due to -skip_ap
       : option....
Warning: PWRA-0302 [PwrWarn] Frequency scaling is not applicable for vectorless
       : flow. Ignoring frequency scaling.
Warning: PWRA-0304 [PwrWarn] -stim option is not applicable with vectorless mode
       : of power analysis, ignored this option.
Info   : PWRA-0002 Started 'vectorless' power computation.
Info   : PWRA-0009 [PwrInfo] Power Computation Progress Report :   0%   1%   2%   3%   4%   5%   6%   7%   8%   9%  10%  11%  12%  13%  14%  15%  16%  17%  18%  19%  20%  21%  22%  23%  24%  25%  26%  27%  28%  29%  30%  31%  32%  33%  34%  35%  36%  37%  38%  39%  40%  41%  42%  43%  44%  45%  46%  47%  48%  49%  50%  51%  52%  53%  54%  55%  56%  57%  58%  59%  60%  61%  62%  63%  64%  65%  66%  67%  68%  69%  70%  71%  72%  73%  74%  75%  76%  77%  78%  79%  80%  81%  82%  83%  84%  85%  86%  87%  88%  89%  90%  91%  92%  93%  94%  95%  96%  97%  98%  99% 100%
Info   : PWRA-0002 Finished power computation.
Info   : PWRA-0007 [PwrInfo] Completed successfully.
       : Info=6, Warn=2, Error=0, Fatal=0
Output file: design_power.rpt
@genus:root: 19> report gate  > design_gate.rpt
@genus:root: 20> gui_show

Lic Summary:
[17:05:29.308185] Cdslmd servers: cadenceserver
[17:05:29.308185] Feature usage summary:
[17:05:29.308186] Genus_Synthesis

Normal exit.